timestamp,(HealthService)/Sessions In Use,(HealthService)/Sessions % Used
08/02/2023 20:24:09.779,19,22.352941176470591
08/02/2023 20:25:09.793,19,22.352941176470591
08/02/2023 20:26:09.806,19,22.352941176470591
08/02/2023 20:27:09.819,19,22.352941176470591
08/02/2023 20:28:09.832,19,22.352941176470591
08/02/2023 20:29:09.845,19,22.352941176470591
08/02/2023 20:30:09.890,19,22.352941176470591
08/02/2023 20:31:09.903,19,22.352941176470591
08/02/2023 20:32:09.916,19,22.352941176470591
08/02/2023 20:33:09.929,19,22.352941176470591
08/02/2023 20:34:09.943,19,22.352941176470591
08/02/2023 20:35:09.956,19,22.352941176470591
08/02/2023 20:36:09.969,19,22.352941176470591
08/02/2023 20:37:09.982,19,22.352941176470591
08/02/2023 20:38:09.995,19,22.352941176470591
08/02/2023 20:39:10.009,19,22.352941176470591
08/02/2023 20:40:10.022,19,22.352941176470591
08/02/2023 20:41:10.035,19,22.352941176470591
08/02/2023 20:42:10.048,19,22.352941176470591
08/02/2023 20:43:10.061,19,22.352941176470591
08/02/2023 20:44:10.075,19,22.352941176470591
08/02/2023 20:45:10.088,19,22.352941176470591
08/02/2023 20:46:10.101,19,22.352941176470591
08/02/2023 20:47:10.114,19,22.352941176470591
08/02/2023 20:48:10.127,19,22.352941176470591
08/02/2023 20:49:10.141,19,22.352941176470591
08/02/2023 20:50:10.154,19,22.352941176470591
08/02/2023 20:51:10.167,19,22.352941176470591
08/02/2023 20:52:10.180,19,22.352941176470591
08/02/2023 20:53:10.209,19,22.352941176470591
08/02/2023 20:54:10.238,19,22.352941176470591
08/02/2023 20:55:10.251,19,22.352941176470591
08/02/2023 20:56:10.264,19,22.352941176470591
08/02/2023 20:57:10.277,19,22.352941176470591
08/02/2023 20:58:10.291,19,22.352941176470591
08/02/2023 20:59:10.304,19,22.352941176470591
08/02/2023 21:00:10.317,19,22.352941176470591
08/02/2023 21:01:10.330,19,22.352941176470591
08/02/2023 21:02:10.343,19,22.352941176470591
08/02/2023 21:03:10.357,19,22.352941176470591
08/02/2023 21:04:10.401,19,22.352941176470591
08/02/2023 21:05:10.414,19,22.352941176470591
08/02/2023 21:06:10.427,19,22.352941176470591
08/02/2023 21:07:10.441,19,22.352941176470591
08/02/2023 21:08:10.454,19,22.352941176470591
08/02/2023 21:09:10.467,19,22.352941176470591
08/02/2023 21:10:10.480,19,22.352941176470591
08/02/2023 21:11:10.493,19,22.352941176470591
08/02/2023 21:12:10.507,19,22.352941176470591
08/02/2023 21:13:10.520,19,22.352941176470591
08/02/2023 21:14:10.533,19,22.352941176470591
08/02/2023 21:15:10.546,19,22.352941176470591
08/02/2023 21:16:10.575,19,22.352941176470591
08/02/2023 21:17:10.588,19,22.352941176470591
08/02/2023 21:18:10.601,19,22.352941176470591
08/02/2023 21:19:10.615,19,22.352941176470591
08/02/2023 21:20:10.628,19,22.352941176470591
08/02/2023 21:21:10.641,19,22.352941176470591
08/02/2023 21:22:10.701,19,22.352941176470591
08/02/2023 21:23:11.042,19,22.352941176470591
08/02/2023 21:24:11.102,19,22.352941176470591
08/02/2023 21:25:11.115,19,22.352941176470591
08/02/2023 21:26:11.128,19,22.352941176470591
08/02/2023 21:27:11.141,19,22.352941176470591
08/02/2023 21:28:11.155,19,22.352941176470591
08/02/2023 21:29:11.168,19,22.352941176470591
08/02/2023 21:30:11.181,19,22.352941176470591
08/02/2023 21:31:11.241,19,22.352941176470591
08/02/2023 21:32:11.254,19,22.352941176470591
08/02/2023 21:33:11.267,19,22.352941176470591
08/02/2023 21:34:11.281,19,22.352941176470591
08/02/2023 21:35:11.294,19,22.352941176470591
08/02/2023 21:36:11.307,19,22.352941176470591
08/02/2023 21:37:11.320,19,22.352941176470591
08/02/2023 21:38:11.333,19,22.352941176470591
08/02/2023 21:39:11.347,19,22.352941176470591
08/02/2023 21:40:11.360,19,22.352941176470591
08/02/2023 21:41:11.373,19,22.352941176470591
08/02/2023 21:42:11.386,19,22.352941176470591
08/02/2023 21:43:11.399,19,22.352941176470591
08/02/2023 21:44:11.413,19,22.352941176470591
08/02/2023 21:45:11.426,19,22.352941176470591
08/02/2023 21:46:11.455,19,22.352941176470591
08/02/2023 21:47:11.468,19,22.352941176470591
08/02/2023 21:48:11.481,19,22.352941176470591
08/02/2023 21:49:11.494,19,22.352941176470591
08/02/2023 21:50:11.507,19,22.352941176470591
08/02/2023 21:51:11.521,19,22.352941176470591
08/02/2023 21:52:11.534,19,22.352941176470591
08/02/2023 21:53:11.547,19,22.352941176470591
08/02/2023 21:54:11.560,19,22.352941176470591
08/02/2023 21:55:11.573,19,22.352941176470591
08/02/2023 21:56:11.587,19,22.352941176470591
08/02/2023 21:57:11.600,19,22.352941176470591
08/02/2023 21:58:11.613,19,22.352941176470591
08/02/2023 21:59:11.626,19,22.352941176470591
08/02/2023 22:00:11.639,19,22.352941176470591
08/02/2023 22:01:11.684,19,22.352941176470591
08/02/2023 22:02:11.697,19,22.352941176470591
08/02/2023 22:03:11.710,19,22.352941176470591
08/02/2023 22:04:11.723,19,22.352941176470591
08/02/2023 22:05:11.737,19,22.352941176470591
08/02/2023 22:06:11.750,19,22.352941176470591
08/02/2023 22:07:11.763,19,22.352941176470591
08/02/2023 22:08:11.776,19,22.352941176470591
08/02/2023 22:09:11.789,19,22.352941176470591
08/02/2023 22:10:11.803,19,22.352941176470591
08/02/2023 22:11:11.816,19,22.352941176470591
08/02/2023 22:12:11.829,19,22.352941176470591
08/02/2023 22:13:11.842,19,22.352941176470591
08/02/2023 22:14:11.855,19,22.352941176470591
08/02/2023 22:15:11.869,19,22.352941176470591
08/02/2023 22:16:11.882,19,22.352941176470591
08/02/2023 22:17:11.895,19,22.352941176470591
08/02/2023 22:18:11.908,19,22.352941176470591
08/02/2023 22:19:11.921,19,22.352941176470591
08/02/2023 22:20:11.935,19,22.352941176470591
08/02/2023 22:21:11.948,19,22.352941176470591
08/02/2023 22:22:11.961,19,22.352941176470591
08/02/2023 22:23:11.974,19,22.352941176470591
08/02/2023 22:24:12.003,19,22.352941176470591
08/02/2023 22:25:12.016,19,22.352941176470591
08/02/2023 22:26:12.029,19,22.352941176470591
08/02/2023 22:27:12.043,19,22.352941176470591
08/02/2023 22:28:12.056,19,22.352941176470591
08/02/2023 22:29:12.069,19,22.352941176470591
08/02/2023 22:30:12.082,19,22.352941176470591
08/02/2023 22:31:12.095,19,22.352941176470591
08/02/2023 22:32:12.151,19,22.352941176470591
08/02/2023 22:33:12.241,19,22.352941176470591
08/02/2023 22:34:12.331,19,22.352941176470591
08/02/2023 22:35:12.421,19,22.352941176470591
08/02/2023 22:36:12.511,19,22.352941176470591
08/02/2023 22:37:12.574,19,22.352941176470591
08/02/2023 22:38:12.615,19,22.352941176470591
08/02/2023 22:39:12.656,19,22.352941176470591
08/02/2023 22:40:12.697,19,22.352941176470591
08/02/2023 22:41:12.738,19,22.352941176470591
08/02/2023 22:42:12.769,19,22.352941176470591
08/02/2023 22:43:12.792,19,22.352941176470591
08/02/2023 22:44:12.816,19,22.352941176470591
08/02/2023 22:45:12.839,19,22.352941176470591
08/02/2023 22:46:12.862,19,22.352941176470591
08/02/2023 22:47:12.882,19,22.352941176470591
08/02/2023 22:48:12.898,19,22.352941176470591
08/02/2023 22:49:12.915,19,22.352941176470591
08/02/2023 22:50:12.932,19,22.352941176470591
08/02/2023 22:51:12.948,19,22.352941176470591
08/02/2023 22:52:12.964,19,22.352941176470591
08/02/2023 22:53:12.978,19,22.352941176470591
08/02/2023 22:54:12.992,19,22.352941176470591
08/02/2023 22:55:13.007,19,22.352941176470591
08/02/2023 22:56:13.021,19,22.352941176470591
08/02/2023 22:57:13.035,19,22.352941176470591
08/02/2023 22:58:13.049,19,22.352941176470591
08/02/2023 22:59:13.062,19,22.352941176470591
08/02/2023 23:00:13.076,19,22.352941176470591
08/02/2023 23:01:13.089,19,22.352941176470591
08/02/2023 23:02:13.103,19,22.352941176470591
08/02/2023 23:03:13.117,19,22.352941176470591
08/02/2023 23:04:13.130,19,22.352941176470591
08/02/2023 23:05:13.144,19,22.352941176470591
08/02/2023 23:06:13.157,19,22.352941176470591
08/02/2023 23:07:13.171,19,22.352941176470591
08/02/2023 23:08:13.184,19,22.352941176470591
08/02/2023 23:09:13.197,19,22.352941176470591
08/02/2023 23:10:13.210,19,22.352941176470591
08/02/2023 23:11:13.223,19,22.352941176470591
08/02/2023 23:12:13.237,19,22.352941176470591
08/02/2023 23:13:13.250,19,22.352941176470591
08/02/2023 23:14:13.263,19,22.352941176470591
08/02/2023 23:15:13.276,19,22.352941176470591
08/02/2023 23:16:13.289,19,22.352941176470591
08/02/2023 23:17:13.303,19,22.352941176470591
08/02/2023 23:18:13.316,19,22.352941176470591
08/02/2023 23:19:13.329,19,22.352941176470591
08/02/2023 23:20:13.342,19,22.352941176470591
08/02/2023 23:21:13.355,19,22.352941176470591
08/02/2023 23:22:13.369,19,22.352941176470591
08/02/2023 23:23:13.382,19,22.352941176470591
08/02/2023 23:24:13.395,19,22.352941176470591
08/02/2023 23:25:13.408,19,22.352941176470591
08/02/2023 23:26:13.421,19,22.352941176470591
08/02/2023 23:27:13.435,19,22.352941176470591
08/02/2023 23:28:13.448,19,22.352941176470591
08/02/2023 23:29:13.461,19,22.352941176470591
08/02/2023 23:30:13.474,19,22.352941176470591
08/02/2023 23:31:13.487,19,22.352941176470591
08/02/2023 23:32:13.501,19,22.352941176470591
08/02/2023 23:33:13.514,19,22.352941176470591
08/02/2023 23:34:13.527,19,22.352941176470591
08/02/2023 23:35:13.540,19,22.352941176470591
08/02/2023 23:36:13.553,19,22.352941176470591
08/02/2023 23:37:13.567,19,22.352941176470591
08/02/2023 23:38:13.580,19,22.352941176470591
08/02/2023 23:39:13.593,19,22.352941176470591
08/02/2023 23:40:13.606,19,22.352941176470591
08/02/2023 23:41:13.619,19,22.352941176470591
08/02/2023 23:42:13.633,19,22.352941176470591
08/02/2023 23:43:13.646,19,22.352941176470591
08/02/2023 23:44:13.659,19,22.352941176470591
08/02/2023 23:45:13.672,19,22.352941176470591
08/02/2023 23:46:13.685,19,22.352941176470591
08/02/2023 23:47:13.699,19,22.352941176470591
08/02/2023 23:48:13.712,19,22.352941176470591
08/02/2023 23:49:13.725,19,22.352941176470591
08/02/2023 23:50:13.738,19,22.352941176470591
08/02/2023 23:51:13.751,19,22.352941176470591
08/02/2023 23:52:13.765,19,22.352941176470591
08/02/2023 23:53:13.778,19,22.352941176470591
08/02/2023 23:54:13.791,19,22.352941176470591
08/02/2023 23:55:13.804,19,22.352941176470591
08/02/2023 23:56:13.817,19,22.352941176470591
08/02/2023 23:57:13.831,19,22.352941176470591
08/02/2023 23:58:13.844,19,22.352941176470591
08/02/2023 23:59:13.857,19,22.352941176470591
08/03/2023 00:00:13.870,19,22.352941176470591
08/03/2023 00:01:13.883,19,22.352941176470591
08/03/2023 00:02:13.897,19,22.352941176470591
08/03/2023 00:03:13.910,19,22.352941176470591
08/03/2023 00:04:13.923,19,22.352941176470591
08/03/2023 00:05:13.936,19,22.352941176470591
08/03/2023 00:06:13.949,19,22.352941176470591
08/03/2023 00:07:13.963,19,22.352941176470591
08/03/2023 00:08:13.976,19,22.352941176470591
08/03/2023 00:09:13.989,19,22.352941176470591
08/03/2023 00:10:14.002,19,22.352941176470591
08/03/2023 00:11:14.015,19,22.352941176470591
08/03/2023 00:12:14.029,19,22.352941176470591
08/03/2023 00:13:14.057,19,22.352941176470591
08/03/2023 00:14:14.102,19,22.352941176470591
08/03/2023 00:15:14.333,19,22.352941176470591
08/03/2023 00:16:14.565,19,22.352941176470591
08/03/2023 00:17:14.687,19,22.352941176470591
08/03/2023 00:18:14.732,19,22.352941176470591
08/03/2023 00:19:14.776,19,22.352941176470591
08/03/2023 00:20:14.789,19,22.352941176470591
08/03/2023 00:21:14.803,19,22.352941176470591
08/03/2023 00:22:14.816,19,22.352941176470591
08/03/2023 00:23:14.829,19,22.352941176470591
08/03/2023 00:24:14.842,19,22.352941176470591
08/03/2023 00:25:14.855,19,22.352941176470591
08/03/2023 00:26:14.869,19,22.352941176470591
08/03/2023 00:27:14.882,19,22.352941176470591
08/03/2023 00:28:14.895,19,22.352941176470591
08/03/2023 00:29:14.908,19,22.352941176470591
08/03/2023 00:30:14.921,19,22.352941176470591
08/03/2023 00:31:14.950,19,22.352941176470591
08/03/2023 00:32:14.963,19,22.352941176470591
08/03/2023 00:33:14.977,19,22.352941176470591
08/03/2023 00:34:14.990,19,22.352941176470591
08/03/2023 00:35:15.003,19,22.352941176470591
08/03/2023 00:36:15.016,19,22.352941176470591
08/03/2023 00:37:15.029,19,22.352941176470591
08/03/2023 00:38:15.043,19,22.352941176470591
08/03/2023 00:39:15.056,19,22.352941176470591
08/03/2023 00:40:15.069,19,22.352941176470591
08/03/2023 00:41:15.082,19,22.352941176470591
08/03/2023 00:42:15.095,19,22.352941176470591
08/03/2023 00:43:15.109,19,22.352941176470591
08/03/2023 00:44:15.122,19,22.352941176470591
08/03/2023 00:45:15.135,19,22.352941176470591
08/03/2023 00:46:15.148,19,22.352941176470591
08/03/2023 00:47:15.161,19,22.352941176470591
08/03/2023 00:48:15.175,19,22.352941176470591
08/03/2023 00:49:15.188,19,22.352941176470591
08/03/2023 00:50:15.201,19,22.352941176470591
08/03/2023 00:51:15.214,19,22.352941176470591
08/03/2023 00:52:15.227,19,22.352941176470591
08/03/2023 00:53:15.241,19,22.352941176470591
08/03/2023 00:54:15.254,19,22.352941176470591
08/03/2023 00:55:15.267,19,22.352941176470591
08/03/2023 00:56:15.280,19,22.352941176470591
08/03/2023 00:57:15.293,19,22.352941176470591
08/03/2023 00:58:15.307,19,22.352941176470591
08/03/2023 00:59:15.320,19,22.352941176470591
08/03/2023 01:00:15.333,19,22.352941176470591
08/03/2023 01:01:15.346,19,22.352941176470591
08/03/2023 01:02:15.359,19,22.352941176470591
08/03/2023 01:03:15.373,19,22.352941176470591
08/03/2023 01:04:15.386,19,22.352941176470591
08/03/2023 01:05:15.399,19,22.352941176470591
08/03/2023 01:06:15.412,19,22.352941176470591
08/03/2023 01:07:15.441,19,22.352941176470591
08/03/2023 01:08:15.454,19,22.352941176470591
08/03/2023 01:09:15.467,19,22.352941176470591
08/03/2023 01:10:15.481,19,22.352941176470591
08/03/2023 01:11:15.494,19,22.352941176470591
08/03/2023 01:12:15.507,19,22.352941176470591
08/03/2023 01:13:15.520,19,22.352941176470591
08/03/2023 01:14:15.533,19,22.352941176470591
08/03/2023 01:15:15.547,19,22.352941176470591
08/03/2023 01:16:15.560,19,22.352941176470591
08/03/2023 01:17:15.573,19,22.352941176470591
08/03/2023 01:18:15.586,19,22.352941176470591
08/03/2023 01:19:15.599,19,22.352941176470591
08/03/2023 01:20:15.613,19,22.352941176470591
08/03/2023 01:21:15.626,19,22.352941176470591
08/03/2023 01:22:15.639,19,22.352941176470591
08/03/2023 01:23:15.652,19,22.352941176470591
08/03/2023 01:24:15.681,19,22.352941176470591
08/03/2023 01:25:15.694,19,22.352941176470591
08/03/2023 01:26:15.707,19,22.352941176470591
08/03/2023 01:27:15.721,19,22.352941176470591
08/03/2023 01:28:15.734,19,22.352941176470591
08/03/2023 01:29:15.747,19,22.352941176470591
08/03/2023 01:30:15.760,19,22.352941176470591
08/03/2023 01:31:15.773,19,22.352941176470591
08/03/2023 01:32:15.787,19,22.352941176470591
08/03/2023 01:33:15.800,19,22.352941176470591
08/03/2023 01:34:15.813,19,22.352941176470591
08/03/2023 01:35:15.826,19,22.352941176470591
08/03/2023 01:36:15.839,19,22.352941176470591
08/03/2023 01:37:15.853,19,22.352941176470591
08/03/2023 01:38:15.866,19,22.352941176470591
08/03/2023 01:39:15.879,19,22.352941176470591
08/03/2023 01:40:15.892,19,22.352941176470591
08/03/2023 01:41:15.905,19,22.352941176470591
08/03/2023 01:42:15.919,19,22.352941176470591
08/03/2023 01:43:15.932,19,22.352941176470591
08/03/2023 01:44:15.945,19,22.352941176470591
08/03/2023 01:45:15.958,19,22.352941176470591
08/03/2023 01:46:15.971,19,22.352941176470591
08/03/2023 01:47:15.985,19,22.352941176470591
08/03/2023 01:48:15.998,19,22.352941176470591
08/03/2023 01:49:16.011,19,22.352941176470591
08/03/2023 01:50:16.024,19,22.352941176470591
08/03/2023 01:51:16.037,19,22.352941176470591
08/03/2023 01:52:16.051,19,22.352941176470591
08/03/2023 01:53:16.064,19,22.352941176470591
08/03/2023 01:54:16.077,19,22.352941176470591
08/03/2023 01:55:16.090,19,22.352941176470591
08/03/2023 01:56:16.103,19,22.352941176470591
08/03/2023 01:57:16.117,19,22.352941176470591
08/03/2023 01:58:16.130,19,22.352941176470591
08/03/2023 01:59:16.143,19,22.352941176470591
08/03/2023 02:00:16.156,19,22.352941176470591
08/03/2023 02:01:16.169,19,22.352941176470591
08/03/2023 02:02:16.183,19,22.352941176470591
08/03/2023 02:03:16.196,19,22.352941176470591
08/03/2023 02:04:16.209,19,22.352941176470591
08/03/2023 02:05:16.222,19,22.352941176470591
08/03/2023 02:06:16.235,19,22.352941176470591
08/03/2023 02:07:16.249,19,22.352941176470591
08/03/2023 02:08:16.262,19,22.352941176470591
08/03/2023 02:09:16.275,19,22.352941176470591
08/03/2023 02:10:16.288,19,22.352941176470591
08/03/2023 02:11:16.301,19,22.352941176470591
08/03/2023 02:12:16.315,19,22.352941176470591
08/03/2023 02:13:16.328,19,22.352941176470591
08/03/2023 02:14:16.341,19,22.352941176470591
08/03/2023 02:15:16.354,19,22.352941176470591
08/03/2023 02:16:16.383,19,22.352941176470591
08/03/2023 02:17:16.396,19,22.352941176470591
08/03/2023 02:18:16.409,19,22.352941176470591
08/03/2023 02:19:16.423,19,22.352941176470591
08/03/2023 02:20:16.436,19,22.352941176470591
08/03/2023 02:21:16.449,19,22.352941176470591
08/03/2023 02:22:16.462,19,22.352941176470591
08/03/2023 02:23:16.475,19,22.352941176470591
08/03/2023 02:24:16.489,19,22.352941176470591
08/03/2023 02:25:16.502,19,22.352941176470591
08/03/2023 02:26:16.515,19,22.352941176470591
08/03/2023 02:27:16.544,19,22.352941176470591
08/03/2023 02:28:16.557,19,22.352941176470591
08/03/2023 02:29:16.570,19,22.352941176470591
08/03/2023 02:30:16.583,19,22.352941176470591
08/03/2023 02:31:16.597,19,22.352941176470591
08/03/2023 02:32:16.610,19,22.352941176470591
08/03/2023 02:33:16.623,19,22.352941176470591
08/03/2023 02:34:16.636,19,22.352941176470591
08/03/2023 02:35:16.649,19,22.352941176470591
08/03/2023 02:36:16.709,19,22.352941176470591
08/03/2023 02:37:16.723,19,22.352941176470591
08/03/2023 02:38:16.736,19,22.352941176470591
08/03/2023 02:39:16.749,19,22.352941176470591
08/03/2023 02:40:16.762,19,22.352941176470591
08/03/2023 02:41:16.775,19,22.352941176470591
08/03/2023 02:42:16.789,19,22.352941176470591
08/03/2023 02:43:16.802,19,22.352941176470591
08/03/2023 02:44:16.815,19,22.352941176470591
08/03/2023 02:45:16.828,19,22.352941176470591
08/03/2023 02:46:16.841,19,22.352941176470591
08/03/2023 02:47:16.855,19,22.352941176470591
08/03/2023 02:48:16.868,19,22.352941176470591
08/03/2023 02:49:16.881,19,22.352941176470591
08/03/2023 02:50:16.894,19,22.352941176470591
08/03/2023 02:51:16.907,19,22.352941176470591
08/03/2023 02:52:16.921,19,22.352941176470591
08/03/2023 02:53:16.934,19,22.352941176470591
08/03/2023 02:54:16.947,19,22.352941176470591
08/03/2023 02:55:16.960,19,22.352941176470591
08/03/2023 02:56:16.973,19,22.352941176470591
08/03/2023 02:57:16.987,19,22.352941176470591
08/03/2023 02:58:17.000,19,22.352941176470591
08/03/2023 02:59:17.013,19,22.352941176470591
08/03/2023 03:00:17.026,19,22.352941176470591
08/03/2023 03:01:17.039,19,22.352941176470591
08/03/2023 03:02:17.053,19,22.352941176470591
08/03/2023 03:03:17.066,19,22.352941176470591
08/03/2023 03:04:17.079,19,22.352941176470591
08/03/2023 03:05:17.092,19,22.352941176470591
08/03/2023 03:06:17.105,19,22.352941176470591
08/03/2023 03:07:17.119,20,23.52941176470588
08/03/2023 03:08:17.132,20,23.52941176470588
08/03/2023 03:09:17.145,20,23.52941176470588
08/03/2023 03:10:17.158,20,23.52941176470588
08/03/2023 03:11:17.171,20,23.52941176470588
08/03/2023 03:12:17.185,20,23.52941176470588
08/03/2023 03:13:17.198,20,23.52941176470588
08/03/2023 03:14:17.211,20,23.52941176470588
08/03/2023 03:15:17.224,20,23.52941176470588
08/03/2023 03:16:17.237,20,23.52941176470588
08/03/2023 03:17:17.251,20,23.52941176470588
08/03/2023 03:18:17.264,20,23.52941176470588
08/03/2023 03:19:17.308,20,23.52941176470588
08/03/2023 03:20:17.321,20,23.52941176470588
08/03/2023 03:21:17.335,20,23.52941176470588
08/03/2023 03:22:17.348,20,23.52941176470588
08/03/2023 03:23:17.361,20,23.52941176470588
08/03/2023 03:24:17.390,20,23.52941176470588
08/03/2023 03:25:17.403,20,23.52941176470588
08/03/2023 03:26:17.416,20,23.52941176470588
08/03/2023 03:27:17.429,20,23.52941176470588
08/03/2023 03:28:17.443,20,23.52941176470588
08/03/2023 03:29:17.456,20,23.52941176470588
08/03/2023 03:30:17.469,20,23.52941176470588
08/03/2023 03:31:17.482,20,23.52941176470588
08/03/2023 03:32:17.495,20,23.52941176470588
08/03/2023 03:33:17.509,20,23.52941176470588
08/03/2023 03:34:17.522,20,23.52941176470588
08/03/2023 03:35:17.535,20,23.52941176470588
08/03/2023 03:36:17.548,20,23.52941176470588
08/03/2023 03:37:17.577,20,23.52941176470588
08/03/2023 03:38:17.590,20,23.52941176470588
08/03/2023 03:39:17.603,20,23.52941176470588
08/03/2023 03:40:17.617,20,23.52941176470588
08/03/2023 03:41:17.630,20,23.52941176470588
08/03/2023 03:42:17.643,20,23.52941176470588
08/03/2023 03:43:17.656,20,23.52941176470588
08/03/2023 03:44:17.669,20,23.52941176470588
08/03/2023 03:45:17.683,20,23.52941176470588
08/03/2023 03:46:17.743,20,23.52941176470588
08/03/2023 03:47:17.756,20,23.52941176470588
08/03/2023 03:48:17.769,20,23.52941176470588
08/03/2023 03:49:17.782,20,23.52941176470588
08/03/2023 03:50:17.795,20,23.52941176470588
08/03/2023 03:51:17.809,20,23.52941176470588
08/03/2023 03:52:17.822,20,23.52941176470588
08/03/2023 03:53:17.835,20,23.52941176470588
08/03/2023 03:54:17.848,20,23.52941176470588
08/03/2023 03:55:17.861,20,23.52941176470588
08/03/2023 03:56:17.875,20,23.52941176470588
08/03/2023 03:57:17.888,20,23.52941176470588
08/03/2023 03:58:17.901,20,23.52941176470588
08/03/2023 03:59:17.914,20,23.52941176470588
08/03/2023 04:00:17.927,20,23.52941176470588
08/03/2023 04:01:17.941,20,23.52941176470588
08/03/2023 04:02:17.954,20,23.52941176470588
08/03/2023 04:03:17.967,20,23.52941176470588
08/03/2023 04:04:17.980,20,23.52941176470588
08/03/2023 04:05:17.993,20,23.52941176470588
08/03/2023 04:06:18.053,20,23.52941176470588
08/03/2023 04:07:18.067,20,23.52941176470588
08/03/2023 04:08:18.080,20,23.52941176470588
08/03/2023 04:09:18.093,20,23.52941176470588
08/03/2023 04:10:18.106,20,23.52941176470588
08/03/2023 04:11:18.119,20,23.52941176470588
08/03/2023 04:12:18.133,20,23.52941176470588
08/03/2023 04:13:18.146,20,23.52941176470588
08/03/2023 04:14:18.159,20,23.52941176470588
08/03/2023 04:15:18.172,20,23.52941176470588
08/03/2023 04:16:18.185,20,23.52941176470588
08/03/2023 04:17:18.199,20,23.52941176470588
08/03/2023 04:18:18.212,20,23.52941176470588
08/03/2023 04:19:18.225,20,23.52941176470588
08/03/2023 04:20:18.238,20,23.52941176470588
08/03/2023 04:21:18.251,20,23.52941176470588
08/03/2023 04:22:18.265,20,23.52941176470588
08/03/2023 04:23:18.278,20,23.52941176470588
08/03/2023 04:24:18.291,20,23.52941176470588
08/03/2023 04:25:18.304,20,23.52941176470588
08/03/2023 04:26:18.317,20,23.52941176470588
08/03/2023 04:27:18.331,20,23.52941176470588
08/03/2023 04:28:18.344,20,23.52941176470588
08/03/2023 04:29:18.357,20,23.52941176470588
08/03/2023 04:30:18.370,20,23.52941176470588
08/03/2023 04:31:18.383,20,23.52941176470588
08/03/2023 04:32:18.397,20,23.52941176470588
08/03/2023 04:33:18.410,20,23.52941176470588
08/03/2023 04:34:18.423,20,23.52941176470588
08/03/2023 04:35:18.436,20,23.52941176470588
08/03/2023 04:36:18.449,20,23.52941176470588
08/03/2023 04:37:18.463,20,23.52941176470588
08/03/2023 04:38:18.476,20,23.52941176470588
08/03/2023 04:39:18.489,20,23.52941176470588
08/03/2023 04:40:18.502,20,23.52941176470588
08/03/2023 04:41:18.515,20,23.52941176470588
08/03/2023 04:42:18.529,20,23.52941176470588
08/03/2023 04:43:18.542,20,23.52941176470588
08/03/2023 04:44:18.555,20,23.52941176470588
08/03/2023 04:45:18.568,20,23.52941176470588
08/03/2023 04:46:18.581,20,23.52941176470588
08/03/2023 04:47:18.595,20,23.52941176470588
08/03/2023 04:48:18.608,20,23.52941176470588
08/03/2023 04:49:18.668,20,23.52941176470588
08/03/2023 04:50:18.681,20,23.52941176470588
08/03/2023 04:51:18.694,20,23.52941176470588
08/03/2023 04:52:18.707,20,23.52941176470588
08/03/2023 04:53:18.721,20,23.52941176470588
08/03/2023 04:54:18.734,20,23.52941176470588
08/03/2023 04:55:18.747,20,23.52941176470588
08/03/2023 04:56:18.760,20,23.52941176470588
08/03/2023 04:57:18.773,20,23.52941176470588
08/03/2023 04:58:18.787,20,23.52941176470588
08/03/2023 04:59:18.800,20,23.52941176470588
08/03/2023 05:00:18.813,20,23.52941176470588
08/03/2023 05:01:18.826,20,23.52941176470588
08/03/2023 05:02:18.839,20,23.52941176470588
08/03/2023 05:03:18.853,20,23.52941176470588
08/03/2023 05:04:18.866,20,23.52941176470588
08/03/2023 05:05:18.879,20,23.52941176470588
08/03/2023 05:06:18.892,20,23.52941176470588
08/03/2023 05:07:18.905,20,23.52941176470588
08/03/2023 05:08:18.919,20,23.52941176470588
08/03/2023 05:09:18.932,20,23.52941176470588
08/03/2023 05:10:18.945,20,23.52941176470588
08/03/2023 05:11:18.958,20,23.52941176470588
08/03/2023 05:12:18.971,20,23.52941176470588
08/03/2023 05:13:18.985,20,23.52941176470588
08/03/2023 05:14:18.998,20,23.52941176470588
08/03/2023 05:15:19.011,20,23.52941176470588
08/03/2023 05:16:19.024,20,23.52941176470588
08/03/2023 05:17:19.037,20,23.52941176470588
08/03/2023 05:18:19.051,20,23.52941176470588
08/03/2023 05:19:19.064,20,23.52941176470588
08/03/2023 05:20:19.077,20,23.52941176470588
08/03/2023 05:21:19.090,20,23.52941176470588
08/03/2023 05:22:19.103,20,23.52941176470588
08/03/2023 05:23:19.117,20,23.52941176470588
08/03/2023 05:24:19.130,20,23.52941176470588
08/03/2023 05:25:19.143,20,23.52941176470588
08/03/2023 05:26:19.156,20,23.52941176470588
08/03/2023 05:27:19.169,20,23.52941176470588
08/03/2023 05:28:19.183,20,23.52941176470588
08/03/2023 05:29:19.196,20,23.52941176470588
08/03/2023 05:30:19.209,20,23.52941176470588
08/03/2023 05:31:19.222,20,23.52941176470588
08/03/2023 05:32:19.235,20,23.52941176470588
08/03/2023 05:33:19.249,20,23.52941176470588
08/03/2023 05:34:19.262,20,23.52941176470588
08/03/2023 05:35:19.275,20,23.52941176470588
08/03/2023 05:36:19.288,20,23.52941176470588
08/03/2023 05:37:19.301,20,23.52941176470588
08/03/2023 05:38:19.315,20,23.52941176470588
08/03/2023 05:39:19.328,20,23.52941176470588
08/03/2023 05:40:19.341,20,23.52941176470588
08/03/2023 05:41:19.354,20,23.52941176470588
08/03/2023 05:42:19.367,20,23.52941176470588
08/03/2023 05:43:19.381,20,23.52941176470588
08/03/2023 05:44:19.394,20,23.52941176470588
08/03/2023 05:45:19.407,20,23.52941176470588
08/03/2023 05:46:19.420,20,23.52941176470588
08/03/2023 05:47:19.433,20,23.52941176470588
08/03/2023 05:48:19.447,20,23.52941176470588
08/03/2023 05:49:19.460,20,23.52941176470588
08/03/2023 05:50:19.473,20,23.52941176470588
08/03/2023 05:51:19.486,20,23.52941176470588
08/03/2023 05:52:19.499,20,23.52941176470588
08/03/2023 05:53:19.513,20,23.52941176470588
08/03/2023 05:54:19.526,20,23.52941176470588
08/03/2023 05:55:19.539,20,23.52941176470588
08/03/2023 05:56:19.552,20,23.52941176470588
08/03/2023 05:57:19.565,20,23.52941176470588
08/03/2023 05:58:19.579,20,23.52941176470588
08/03/2023 05:59:19.592,20,23.52941176470588
08/03/2023 06:00:19.605,20,23.52941176470588
08/03/2023 06:01:19.618,20,23.52941176470588
08/03/2023 06:02:19.631,20,23.52941176470588
08/03/2023 06:03:19.645,20,23.52941176470588
08/03/2023 06:04:19.658,20,23.52941176470588
08/03/2023 06:05:19.671,20,23.52941176470588
08/03/2023 06:06:19.684,20,23.52941176470588
08/03/2023 06:07:19.697,20,23.52941176470588
08/03/2023 06:08:19.711,20,23.52941176470588
08/03/2023 06:09:19.724,20,23.52941176470588
08/03/2023 06:10:19.737,20,23.52941176470588
08/03/2023 06:11:19.750,20,23.52941176470588
08/03/2023 06:12:19.763,20,23.52941176470588
08/03/2023 06:13:19.777,20,23.52941176470588
08/03/2023 06:14:19.790,20,23.52941176470588
08/03/2023 06:15:19.803,20,23.52941176470588
08/03/2023 06:16:19.816,20,23.52941176470588
08/03/2023 06:17:19.829,20,23.52941176470588
08/03/2023 06:18:19.889,20,23.52941176470588
08/03/2023 06:19:19.903,20,23.52941176470588
08/03/2023 06:20:19.916,20,23.52941176470588
08/03/2023 06:21:19.929,20,23.52941176470588
08/03/2023 06:22:19.942,20,23.52941176470588
08/03/2023 06:23:19.955,20,23.52941176470588
08/03/2023 06:24:19.969,20,23.52941176470588
08/03/2023 06:25:19.982,20,23.52941176470588
08/03/2023 06:26:19.995,20,23.52941176470588
08/03/2023 06:27:20.008,20,23.52941176470588
08/03/2023 06:28:20.021,20,23.52941176470588
08/03/2023 06:29:20.066,20,23.52941176470588
08/03/2023 06:30:20.079,20,23.52941176470588
08/03/2023 06:31:20.092,20,23.52941176470588
08/03/2023 06:32:20.105,20,23.52941176470588
08/03/2023 06:33:20.119,20,23.52941176470588
08/03/2023 06:34:20.132,20,23.52941176470588
08/03/2023 06:35:20.145,20,23.52941176470588
08/03/2023 06:36:20.158,20,23.52941176470588
08/03/2023 06:37:20.171,20,23.52941176470588
08/03/2023 06:38:20.185,20,23.52941176470588
08/03/2023 06:39:20.198,20,23.52941176470588
08/03/2023 06:40:20.211,20,23.52941176470588
08/03/2023 06:41:20.224,20,23.52941176470588
08/03/2023 06:42:20.237,20,23.52941176470588
08/03/2023 06:43:20.251,20,23.52941176470588
08/03/2023 06:44:20.264,20,23.52941176470588
08/03/2023 06:45:20.277,20,23.52941176470588
08/03/2023 06:46:20.290,20,23.52941176470588
08/03/2023 06:47:20.303,20,23.52941176470588
08/03/2023 06:48:20.317,20,23.52941176470588
08/03/2023 06:49:20.330,20,23.52941176470588
08/03/2023 06:50:20.343,20,23.52941176470588
08/03/2023 06:51:20.356,20,23.52941176470588
08/03/2023 06:52:20.369,20,23.52941176470588
08/03/2023 06:53:20.383,20,23.52941176470588
08/03/2023 06:54:20.396,20,23.52941176470588
08/03/2023 06:55:20.409,20,23.52941176470588
08/03/2023 06:56:20.422,20,23.52941176470588
08/03/2023 06:57:20.435,20,23.52941176470588
08/03/2023 06:58:20.449,20,23.52941176470588
08/03/2023 06:59:20.462,20,23.52941176470588
08/03/2023 07:00:20.475,20,23.52941176470588
08/03/2023 07:01:20.488,20,23.52941176470588
08/03/2023 07:02:20.501,20,23.52941176470588
08/03/2023 07:03:20.515,20,23.52941176470588
08/03/2023 07:04:20.528,20,23.52941176470588
08/03/2023 07:05:20.541,20,23.52941176470588
08/03/2023 07:06:20.554,20,23.52941176470588
08/03/2023 07:07:20.567,20,23.52941176470588
08/03/2023 07:08:20.581,20,23.52941176470588
08/03/2023 07:09:20.594,20,23.52941176470588
08/03/2023 07:10:20.607,20,23.52941176470588
08/03/2023 07:11:20.620,20,23.52941176470588
08/03/2023 07:12:20.633,20,23.52941176470588
08/03/2023 07:13:20.647,20,23.52941176470588
08/03/2023 07:14:20.660,20,23.52941176470588
08/03/2023 07:15:20.673,20,23.52941176470588
08/03/2023 07:16:20.686,20,23.52941176470588
08/03/2023 07:17:20.699,20,23.52941176470588
08/03/2023 07:18:20.713,20,23.52941176470588
08/03/2023 07:19:20.726,20,23.52941176470588
08/03/2023 07:20:20.739,20,23.52941176470588
08/03/2023 07:21:20.752,20,23.52941176470588
08/03/2023 07:22:20.765,20,23.52941176470588
08/03/2023 07:23:20.779,20,23.52941176470588
08/03/2023 07:24:20.792,20,23.52941176470588
08/03/2023 07:25:20.805,20,23.52941176470588
08/03/2023 07:26:20.818,20,23.52941176470588
08/03/2023 07:27:20.831,20,23.52941176470588
08/03/2023 07:28:20.845,20,23.52941176470588
08/03/2023 07:29:20.858,20,23.52941176470588
08/03/2023 07:30:20.871,20,23.52941176470588
08/03/2023 07:31:20.884,20,23.52941176470588
08/03/2023 07:32:20.897,20,23.52941176470588
08/03/2023 07:33:20.911,20,23.52941176470588
08/03/2023 07:34:20.924,20,23.52941176470588
08/03/2023 07:35:20.937,20,23.52941176470588
08/03/2023 07:36:20.950,20,23.52941176470588
08/03/2023 07:37:20.963,20,23.52941176470588
08/03/2023 07:38:20.989,20,23.52941176470588
08/03/2023 07:39:21.023,20,23.52941176470588
08/03/2023 07:40:21.058,20,23.52941176470588
08/03/2023 07:41:21.093,20,23.52941176470588
08/03/2023 07:42:21.128,20,23.52941176470588
08/03/2023 07:43:21.155,20,23.52941176470588
08/03/2023 07:44:21.176,20,23.52941176470588
08/03/2023 07:45:21.196,20,23.52941176470588
08/03/2023 07:46:21.233,20,23.52941176470588
08/03/2023 07:47:21.254,20,23.52941176470588
08/03/2023 07:48:21.272,20,23.52941176470588
08/03/2023 07:49:21.288,20,23.52941176470588
08/03/2023 07:50:21.305,20,23.52941176470588
08/03/2023 07:51:21.321,20,23.52941176470588
08/03/2023 07:52:21.337,20,23.52941176470588
08/03/2023 07:53:21.352,20,23.52941176470588
08/03/2023 07:54:21.382,20,23.52941176470588
08/03/2023 07:55:21.396,20,23.52941176470588
08/03/2023 07:56:21.410,20,23.52941176470588
08/03/2023 07:57:21.424,20,23.52941176470588
08/03/2023 07:58:21.437,20,23.52941176470588
08/03/2023 07:59:21.451,20,23.52941176470588
08/03/2023 08:00:21.465,20,23.52941176470588
08/03/2023 08:01:21.478,20,23.52941176470588
08/03/2023 08:02:21.492,20,23.52941176470588
08/03/2023 08:03:21.505,20,23.52941176470588
08/03/2023 08:04:21.519,20,23.52941176470588
08/03/2023 08:05:21.533,20,23.52941176470588
08/03/2023 08:06:21.546,20,23.52941176470588
08/03/2023 08:07:21.560,20,23.52941176470588
08/03/2023 08:08:21.573,20,23.52941176470588
08/03/2023 08:09:21.586,20,23.52941176470588
08/03/2023 08:10:21.599,20,23.52941176470588
08/03/2023 08:11:21.613,20,23.52941176470588
08/03/2023 08:12:21.626,20,23.52941176470588
08/03/2023 08:13:21.639,20,23.52941176470588
08/03/2023 08:14:21.652,20,23.52941176470588
08/03/2023 08:15:21.665,20,23.52941176470588
08/03/2023 08:16:21.679,20,23.52941176470588
08/03/2023 08:17:21.692,20,23.52941176470588
08/03/2023 08:18:21.705,20,23.52941176470588
08/03/2023 08:19:21.718,20,23.52941176470588
08/03/2023 08:20:21.731,20,23.52941176470588
08/03/2023 08:21:21.745,20,23.52941176470588
08/03/2023 08:22:21.758,20,23.52941176470588
08/03/2023 08:23:21.771,20,23.52941176470588
08/03/2023 08:24:21.800,20,23.52941176470588
08/03/2023 08:25:21.813,20,23.52941176470588
08/03/2023 08:26:21.826,20,23.52941176470588
08/03/2023 08:27:21.839,20,23.52941176470588
08/03/2023 08:28:21.853,20,23.52941176470588
08/03/2023 08:29:21.866,20,23.52941176470588
08/03/2023 08:30:21.879,20,23.52941176470588
08/03/2023 08:31:21.892,20,23.52941176470588
08/03/2023 08:32:21.905,20,23.52941176470588
08/03/2023 08:33:21.919,20,23.52941176470588
08/03/2023 08:34:21.932,20,23.52941176470588
08/03/2023 08:35:21.945,20,23.52941176470588
08/03/2023 08:36:21.958,20,23.52941176470588
08/03/2023 08:37:21.971,20,23.52941176470588
08/03/2023 08:38:21.985,20,23.52941176470588
08/03/2023 08:39:21.998,20,23.52941176470588
08/03/2023 08:40:22.011,20,23.52941176470588
08/03/2023 08:41:22.024,20,23.52941176470588
08/03/2023 08:42:22.037,20,23.52941176470588
08/03/2023 08:43:22.051,20,23.52941176470588
08/03/2023 08:44:22.064,20,23.52941176470588
08/03/2023 08:45:22.077,20,23.52941176470588
08/03/2023 08:46:22.090,20,23.52941176470588
08/03/2023 08:47:22.103,20,23.52941176470588
08/03/2023 08:48:22.117,20,23.52941176470588
08/03/2023 08:49:22.130,20,23.52941176470588
08/03/2023 08:50:22.143,20,23.52941176470588
08/03/2023 08:51:22.156,20,23.52941176470588
08/03/2023 08:52:22.169,20,23.52941176470588
08/03/2023 08:53:22.183,20,23.52941176470588
08/03/2023 08:54:22.211,20,23.52941176470588
08/03/2023 08:55:22.225,20,23.52941176470588
08/03/2023 08:56:22.238,20,23.52941176470588
08/03/2023 08:57:22.251,20,23.52941176470588
08/03/2023 08:58:22.264,20,23.52941176470588
08/03/2023 08:59:22.277,20,23.52941176470588
08/03/2023 09:00:22.291,20,23.52941176470588
08/03/2023 09:01:22.304,20,23.52941176470588
08/03/2023 09:02:22.317,20,23.52941176470588
08/03/2023 09:03:22.330,20,23.52941176470588
08/03/2023 09:04:22.343,20,23.52941176470588
08/03/2023 09:05:22.357,20,23.52941176470588
08/03/2023 09:06:22.370,20,23.52941176470588
08/03/2023 09:07:22.383,20,23.52941176470588
08/03/2023 09:08:22.396,20,23.52941176470588
08/03/2023 09:09:22.409,20,23.52941176470588
08/03/2023 09:10:22.423,20,23.52941176470588
08/03/2023 09:11:22.436,20,23.52941176470588
08/03/2023 09:12:22.449,20,23.52941176470588
08/03/2023 09:13:22.462,20,23.52941176470588
08/03/2023 09:14:22.475,20,23.52941176470588
08/03/2023 09:15:22.489,20,23.52941176470588
08/03/2023 09:16:22.502,20,23.52941176470588
08/03/2023 09:17:22.515,20,23.52941176470588
08/03/2023 09:18:22.528,20,23.52941176470588
08/03/2023 09:19:22.541,20,23.52941176470588
08/03/2023 09:20:22.555,20,23.52941176470588
08/03/2023 09:21:22.568,20,23.52941176470588
08/03/2023 09:22:22.581,20,23.52941176470588
08/03/2023 09:23:22.594,20,23.52941176470588
08/03/2023 09:24:22.607,20,23.52941176470588
08/03/2023 09:25:22.621,20,23.52941176470588
08/03/2023 09:26:22.634,20,23.52941176470588
08/03/2023 09:27:22.647,20,23.52941176470588
08/03/2023 09:28:22.660,20,23.52941176470588
08/03/2023 09:29:22.673,20,23.52941176470588
08/03/2023 09:30:22.687,20,23.52941176470588
08/03/2023 09:31:22.700,20,23.52941176470588
08/03/2023 09:32:22.713,20,23.52941176470588
08/03/2023 09:33:22.726,20,23.52941176470588
08/03/2023 09:34:22.739,20,23.52941176470588
08/03/2023 09:35:22.753,20,23.52941176470588
08/03/2023 09:36:22.766,20,23.52941176470588
08/03/2023 09:37:22.779,20,23.52941176470588
08/03/2023 09:38:22.792,20,23.52941176470588
08/03/2023 09:39:22.805,20,23.52941176470588
08/03/2023 09:40:22.819,20,23.52941176470588
08/03/2023 09:41:22.832,20,23.52941176470588
08/03/2023 09:42:22.845,20,23.52941176470588
08/03/2023 09:43:22.858,20,23.52941176470588
08/03/2023 09:44:22.871,20,23.52941176470588
08/03/2023 09:45:22.885,20,23.52941176470588
08/03/2023 09:46:22.898,20,23.52941176470588
08/03/2023 09:47:22.911,20,23.52941176470588
08/03/2023 09:48:22.924,20,23.52941176470588
08/03/2023 09:49:22.953,20,23.52941176470588
08/03/2023 09:50:22.966,20,23.52941176470588
08/03/2023 09:51:22.979,20,23.52941176470588
08/03/2023 09:52:22.993,20,23.52941176470588
08/03/2023 09:53:23.006,20,23.52941176470588
08/03/2023 09:54:23.019,20,23.52941176470588
08/03/2023 09:55:23.032,20,23.52941176470588
08/03/2023 09:56:23.045,20,23.52941176470588
08/03/2023 09:57:23.059,20,23.52941176470588
08/03/2023 09:58:23.072,20,23.52941176470588
08/03/2023 09:59:23.085,20,23.52941176470588
08/03/2023 10:00:23.098,20,23.52941176470588
08/03/2023 10:01:23.111,20,23.52941176470588
08/03/2023 10:02:23.125,20,23.52941176470588
08/03/2023 10:03:23.138,20,23.52941176470588
08/03/2023 10:04:23.151,20,23.52941176470588
08/03/2023 10:05:23.164,20,23.52941176470588
08/03/2023 10:06:23.177,20,23.52941176470588
08/03/2023 10:07:23.191,20,23.52941176470588
08/03/2023 10:08:23.204,20,23.52941176470588
08/03/2023 10:09:23.217,20,23.52941176470588
08/03/2023 10:10:23.230,20,23.52941176470588
08/03/2023 10:11:23.243,20,23.52941176470588
08/03/2023 10:12:23.257,20,23.52941176470588
08/03/2023 10:13:23.270,20,23.52941176470588
08/03/2023 10:14:23.283,20,23.52941176470588
08/03/2023 10:15:23.296,20,23.52941176470588
08/03/2023 10:16:23.309,20,23.52941176470588
08/03/2023 10:17:23.323,20,23.52941176470588
08/03/2023 10:18:23.336,20,23.52941176470588
08/03/2023 10:19:23.349,20,23.52941176470588
08/03/2023 10:20:23.362,20,23.52941176470588
08/03/2023 10:21:23.375,20,23.52941176470588
08/03/2023 10:22:23.389,20,23.52941176470588
08/03/2023 10:23:23.402,20,23.52941176470588
08/03/2023 10:24:23.415,20,23.52941176470588
08/03/2023 10:25:23.428,20,23.52941176470588
08/03/2023 10:26:23.441,20,23.52941176470588
08/03/2023 10:27:23.455,20,23.52941176470588
08/03/2023 10:28:23.468,20,23.52941176470588
08/03/2023 10:29:23.481,20,23.52941176470588
08/03/2023 10:30:23.494,20,23.52941176470588
08/03/2023 10:31:23.507,20,23.52941176470588
08/03/2023 10:32:23.521,20,23.52941176470588
08/03/2023 10:33:23.534,20,23.52941176470588
08/03/2023 10:34:23.547,20,23.52941176470588
08/03/2023 10:35:23.560,20,23.52941176470588
08/03/2023 10:36:23.573,20,23.52941176470588
08/03/2023 10:37:23.587,20,23.52941176470588
08/03/2023 10:38:23.600,20,23.52941176470588
08/03/2023 10:39:23.613,20,23.52941176470588
08/03/2023 10:40:23.626,20,23.52941176470588
08/03/2023 10:41:23.639,20,23.52941176470588
08/03/2023 10:42:23.653,20,23.52941176470588
08/03/2023 10:43:23.666,20,23.52941176470588
08/03/2023 10:44:23.679,20,23.52941176470588
08/03/2023 10:45:23.692,20,23.52941176470588
08/03/2023 10:46:23.705,20,23.52941176470588
08/03/2023 10:47:23.765,20,23.52941176470588
08/03/2023 10:48:23.779,20,23.52941176470588
08/03/2023 10:49:23.792,20,23.52941176470588
08/03/2023 10:50:23.805,20,23.52941176470588
08/03/2023 10:51:23.818,20,23.52941176470588
08/03/2023 10:52:23.831,20,23.52941176470588
08/03/2023 10:53:23.845,20,23.52941176470588
08/03/2023 10:54:23.858,20,23.52941176470588
08/03/2023 10:55:23.871,20,23.52941176470588
08/03/2023 10:56:23.884,20,23.52941176470588
08/03/2023 10:57:23.897,20,23.52941176470588
08/03/2023 10:58:23.911,20,23.52941176470588
08/03/2023 10:59:23.924,20,23.52941176470588
08/03/2023 11:00:23.953,20,23.52941176470588
08/03/2023 11:01:23.966,20,23.52941176470588
08/03/2023 11:02:23.979,20,23.52941176470588
08/03/2023 11:03:23.992,20,23.52941176470588
08/03/2023 11:04:24.005,20,23.52941176470588
08/03/2023 11:05:24.019,20,23.52941176470588
08/03/2023 11:06:24.032,20,23.52941176470588
08/03/2023 11:07:24.076,20,23.52941176470588
08/03/2023 11:08:24.089,20,23.52941176470588
08/03/2023 11:09:24.103,20,23.52941176470588
08/03/2023 11:10:24.116,20,23.52941176470588
08/03/2023 11:11:24.129,20,23.52941176470588
08/03/2023 11:12:24.142,20,23.52941176470588
08/03/2023 11:13:24.155,20,23.52941176470588
