timestamp,(HealthService)/Log Bytes Write/sec,(HealthService)/Log Bytes Generated/sec,(HealthService)/Log Threads Waiting,(HealthService)/Log Writes/sec,(HealthService)/Log Record Stalls/sec
08/02/2023 20:24:09.296, , ,0, , 
08/02/2023 20:25:09.309,0,0,0,0,0
08/02/2023 20:26:09.322,0,0,0,0,0
08/02/2023 20:27:09.335,0,0,0,0,0
08/02/2023 20:28:09.349,0,0,0,0,0
08/02/2023 20:29:09.362,0,0,0,0,0
08/02/2023 20:30:09.375,0,0,0,0,0
08/02/2023 20:31:09.388,0,0,0,0,0
08/02/2023 20:32:09.401,0,0,0,0,0
08/02/2023 20:33:09.415,0,0,0,0,0
08/02/2023 20:34:09.428,0,0,0,0,0
08/02/2023 20:35:09.441,0,0,0,0,0
08/02/2023 20:36:09.454,0,0,0,0,0
08/02/2023 20:37:09.467,0,0,0,0,0
08/02/2023 20:38:09.481,0,0,0,0,0
08/02/2023 20:39:09.494,0,0,0,0,0
08/02/2023 20:40:09.507,0,0,0,0,0
08/02/2023 20:41:09.520,0,0,0,0,0
08/02/2023 20:42:09.533,0,0,0,0,0
08/02/2023 20:43:09.547,0,0,0,0,0
08/02/2023 20:44:09.560,0,0,0,0,0
08/02/2023 20:45:09.573,0,0,0,0,0
08/02/2023 20:46:09.586,0,0,0,0,0
08/02/2023 20:47:09.599,0,0,0,0,0
08/02/2023 20:48:09.613,0,0,0,0,0
08/02/2023 20:49:09.626,0,0,0,0,0
08/02/2023 20:50:09.639,0,0,0,0,0
08/02/2023 20:51:09.652,0,0,0,0,0
08/02/2023 20:52:09.665,0,0,0,0,0
08/02/2023 20:53:09.679,0,0,0,0,0
08/02/2023 20:54:09.692,0,0,0,0,0
08/02/2023 20:55:09.705,0,0,0,0,0
08/02/2023 20:56:09.718,0,0,0,0,0
08/02/2023 20:57:09.731,0,0,0,0,0
08/02/2023 20:58:09.745,0,0,0,0,0
08/02/2023 20:59:09.758,0,0,0,0,0
08/02/2023 21:00:09.771,0,0,0,0,0
08/02/2023 21:01:09.784,0,0,0,0,0
08/02/2023 21:02:09.797,0,0,0,0,0
08/02/2023 21:03:09.811,0,0,0,0,0
08/02/2023 21:04:09.824,0,0,0,0,0
08/02/2023 21:05:09.837,0,0,0,0,0
08/02/2023 21:06:09.850,0,0,0,0,0
08/02/2023 21:07:09.863,238.88040981418968,155.48221986441155,0,0.33325950029881374,0
08/02/2023 21:08:09.877,0,0,0,0,0
08/02/2023 21:09:09.890,0,0,0,0,0
08/02/2023 21:10:09.903,0,0,0,0,0
08/02/2023 21:11:09.916,0,0,0,0,0
08/02/2023 21:12:09.929,0,0,0,0,0
08/02/2023 21:13:09.943,0,0,0,0,0
08/02/2023 21:14:09.956,0,0,0,0,0
08/02/2023 21:15:09.969,0,0,0,0,0
08/02/2023 21:16:09.982,0,0,0,0,0
08/02/2023 21:17:09.995,0,0,0,0,0
08/02/2023 21:18:10.009,0,0,0,0,0
08/02/2023 21:19:10.022,0,0,0,0,0
08/02/2023 21:20:10.035,0,0,0,0,0
08/02/2023 21:21:10.048,0,0,0,0,0
08/02/2023 21:22:10.061,0,0,0,0,0
08/02/2023 21:23:10.075,0,0,0,0,0
08/02/2023 21:24:10.135,0,0,0,0,0
08/02/2023 21:25:10.148,0,0,0,0,0
08/02/2023 21:26:10.161,0,0,0,0,0
08/02/2023 21:27:10.174,0,0,0,0,0
08/02/2023 21:28:10.187,17.062877420008665,2.3661412047277639,0,0.033325932460954423,0
08/02/2023 21:29:10.201,0,0,0,0,0
08/02/2023 21:30:10.214,0,0,0,0,0
08/02/2023 21:31:10.243,0,0,0,0,0
08/02/2023 21:32:10.256,0,0,0,0,0
08/02/2023 21:33:10.269,0,0,0,0,0
08/02/2023 21:34:10.282,0,0,0,0,0
08/02/2023 21:35:10.295,0,0,0,0,0
08/02/2023 21:36:10.309,0,0,0,0,0
08/02/2023 21:37:10.322,0,0,0,0,0
08/02/2023 21:38:10.335,0,0,0,0,0
08/02/2023 21:39:10.348,0,0,0,0,0
08/02/2023 21:40:10.361,0,0,0,0,0
08/02/2023 21:41:10.375,0,0,0,0,0
08/02/2023 21:42:10.388,0,0,0,0,0
08/02/2023 21:43:10.401,0,0,0,0,0
08/02/2023 21:44:10.414,0,0,0,0,0
08/02/2023 21:45:10.427,0,0,0,0,0
08/02/2023 21:46:10.441,0,0,0,0,0
08/02/2023 21:47:10.454,0,0,0,0,0
08/02/2023 21:48:10.467,0,0,0,0,0
08/02/2023 21:49:10.480,0,0,0,0,0
08/02/2023 21:50:10.493,0,0,0,0,0
08/02/2023 21:51:10.507,0,0,0,0,0
08/02/2023 21:52:10.520,0,0,0,0,0
08/02/2023 21:53:10.533,0,0,0,0,0
08/02/2023 21:54:10.546,0,0,0,0,0
08/02/2023 21:55:10.559,0,0,0,0,0
08/02/2023 21:56:10.573,0,0,0,0,0
08/02/2023 21:57:10.586,0,0,0,0,0
08/02/2023 21:58:10.599,0,0,0,0,0
08/02/2023 21:59:10.612,0,0,0,0,0
08/02/2023 22:00:10.625,0,0,0,0,0
08/02/2023 22:01:10.639,0,0,0,0,0
08/02/2023 22:02:10.652,0,0,0,0,0
08/02/2023 22:03:10.665,0,0,0,0,0
08/02/2023 22:04:10.678,0,0,0,0,0
08/02/2023 22:05:10.707,0,0,0,0,0
08/02/2023 22:06:10.720,0,0,0,0,0
08/02/2023 22:07:10.733,0,0,0,0,0
08/02/2023 22:08:10.747,0,0,0,0,0
08/02/2023 22:09:10.760,0,0,0,0,0
08/02/2023 22:10:10.773,0,0,0,0,0
08/02/2023 22:11:10.786,0,0,0,0,0
08/02/2023 22:12:10.799,0,0,0,0,0
08/02/2023 22:13:10.813,0,0,0,0,0
08/02/2023 22:14:10.826,0,0,0,0,0
08/02/2023 22:15:10.839,0,0,0,0,0
08/02/2023 22:16:10.852,0,0,0,0,0
08/02/2023 22:17:10.865,0,0,0,0,0
08/02/2023 22:18:10.879,0,0,0,0,0
08/02/2023 22:19:10.892,0,0,0,0,0
08/02/2023 22:20:10.905,0,0,0,0,0
08/02/2023 22:21:10.918,0,0,0,0,0
08/02/2023 22:22:10.931,0,0,0,0,0
08/02/2023 22:23:10.945,0,0,0,0,0
08/02/2023 22:24:10.958,0,0,0,0,0
08/02/2023 22:25:10.971,0,0,0,0,0
08/02/2023 22:26:10.984,93.845943870840912,57.970532444363549,0,0.1166409103508321,0
08/02/2023 22:27:10.997,0,0,0,0,0
08/02/2023 22:28:11.011,0,0,0,0,0
08/02/2023 22:29:11.024,25.594368552978345,23.128244499696578,0,0.04998900108003583,0
08/02/2023 22:30:11.037,0,0,0,0,0
08/02/2023 22:31:11.050,0,0,0,0,0
08/02/2023 22:32:11.104,17.062794437410915,0,0,0.033325770385568193,0
08/02/2023 22:33:11.194,0,0,0,0,0
08/02/2023 22:34:11.284,0,0,0,0,0
08/02/2023 22:35:11.374,0,0,0,0,0
08/02/2023 22:36:11.465,0,0,0,0,0
08/02/2023 22:37:11.529,0,0,0,0,0
08/02/2023 22:38:11.570,0,0,0,0,0
08/02/2023 22:39:11.610,0,0,0,0,0
08/02/2023 22:40:11.651,0,0,0,0,0
08/02/2023 22:41:11.692,0,0,0,0,0
08/02/2023 22:42:11.724,0,0,0,0,0
08/02/2023 22:43:11.747,0,0,0,0,0
08/02/2023 22:44:11.770,0,0,0,0,0
08/02/2023 22:45:11.793,0,0,0,0,0
08/02/2023 22:46:11.817,0,0,0,0,0
08/02/2023 22:47:11.836,0,0,0,0,0
08/02/2023 22:48:11.853,0,0,0,0,0
08/02/2023 22:49:11.870,0,0,0,0,0
08/02/2023 22:50:11.886,0,0,0,0,0
08/02/2023 22:51:11.903,0,0,0,0,0
08/02/2023 22:52:11.918,0,0,0,0,0
08/02/2023 22:53:11.933,0,0,0,0,0
08/02/2023 22:54:11.947,0,0,0,0,0
08/02/2023 22:55:11.962,0,0,0,0,0
08/02/2023 22:56:11.976,0,0,0,0,0
08/02/2023 22:57:11.990,0,0,0,0,0
08/02/2023 22:58:12.003,0,0,0,0,0
08/02/2023 22:59:12.017,0,0,0,0,0
08/02/2023 23:00:12.031,0,0,0,0,0
08/02/2023 23:01:12.044,0,0,0,0,0
08/02/2023 23:02:12.058,0,0,0,0,0
08/02/2023 23:03:12.071,0,0,0,0,0
08/02/2023 23:04:12.085,0,0,0,0,0
08/02/2023 23:05:12.098,0,0,0,0,0
08/02/2023 23:06:12.112,0,0,0,0,0
08/02/2023 23:07:12.125,0,0,0,0,0
08/02/2023 23:08:12.139,0,0,0,0,0
08/02/2023 23:09:12.152,0,0,0,0,0
08/02/2023 23:10:12.165,0,0,0,0,0
08/02/2023 23:11:12.178,0,0,0,0,0
08/02/2023 23:12:12.191,0,0,0,0,0
08/02/2023 23:13:12.205,0,0,0,0,0
08/02/2023 23:14:12.218,0,0,0,0,0
08/02/2023 23:15:12.231,0,0,0,0,0
08/02/2023 23:16:12.244,0,0,0,0,0
08/02/2023 23:17:12.257,0,0,0,0,0
08/02/2023 23:18:12.271,0,0,0,0,0
08/02/2023 23:19:12.284,0,0,0,0,0
08/02/2023 23:20:12.297,0,0,0,0,0
08/02/2023 23:21:12.310,0,0,0,0,0
08/02/2023 23:22:12.323,0,0,0,0,0
08/02/2023 23:23:12.337,0,0,0,0,0
08/02/2023 23:24:12.350,0,0,0,0,0
08/02/2023 23:25:12.363,0,0,0,0,0
08/02/2023 23:26:12.376,0,0,0,0,0
08/02/2023 23:27:12.389,0,0,0,0,0
08/02/2023 23:28:12.403,0,0,0,0,0
08/02/2023 23:29:12.416,0,0,0,0,0
08/02/2023 23:30:12.429,0,0,0,0,0
08/02/2023 23:31:12.442,0,0,0,0,0
08/02/2023 23:32:12.455,0,0,0,0,0
08/02/2023 23:33:12.469,0,0,0,0,0
08/02/2023 23:34:12.482,0,0,0,0,0
08/02/2023 23:35:12.495,0,0,0,0,0
08/02/2023 23:36:12.508,0,0,0,0,0
08/02/2023 23:37:12.521,0,0,0,0,0
08/02/2023 23:38:12.535,0,0,0,0,0
08/02/2023 23:39:12.548,0,0,0,0,0
08/02/2023 23:40:12.561,0,0,0,0,0
08/02/2023 23:41:12.574,0,0,0,0,0
08/02/2023 23:42:12.587,0,0,0,0,0
08/02/2023 23:43:12.601,0,0,0,0,0
08/02/2023 23:44:12.614,0,0,0,0,0
08/02/2023 23:45:12.627,0,0,0,0,0
08/02/2023 23:46:12.640,0,0,0,0,0
08/02/2023 23:47:12.653,0,0,0,0,0
08/02/2023 23:48:12.667,0,0,0,0,0
08/02/2023 23:49:12.680,0,0,0,0,0
08/02/2023 23:50:12.693,0,0,0,0,0
08/02/2023 23:51:12.706,0,0,0,0,0
08/02/2023 23:52:12.719,0,0,0,0,0
08/02/2023 23:53:12.733,0,0,0,0,0
08/02/2023 23:54:12.746,0,0,0,0,0
08/02/2023 23:55:12.759,0,0,0,0,0
08/02/2023 23:56:12.772,0,0,0,0,0
08/02/2023 23:57:12.785,0,0,0,0,0
08/02/2023 23:58:12.799,0,0,0,0,0
08/02/2023 23:59:12.812,0,0,0,0,0
08/03/2023 00:00:12.825,0,0,0,0,0
08/03/2023 00:01:12.838,0,0,0,0,0
08/03/2023 00:02:12.851,0,0,0,0,0
08/03/2023 00:03:12.865,0,0,0,0,0
08/03/2023 00:04:12.878,0,0,0,0,0
08/03/2023 00:05:12.891,0,0,0,0,0
08/03/2023 00:06:12.904,0,0,0,0,0
08/03/2023 00:07:12.917,0,0,0,0,0
08/03/2023 00:08:12.931,0,0,0,0,0
08/03/2023 00:09:12.959,0,0,0,0,0
08/03/2023 00:10:12.973,93.845923884580273,60.020067086693565,0,0.11664088550995418,0
08/03/2023 00:11:12.986,0,0,0,0,0
08/03/2023 00:12:12.999,0,0,0,0,0
08/03/2023 00:13:13.028,25.591233918043084,28.690172400306114,0,0.033321919164118599,0
08/03/2023 00:14:13.072,0,0,0,0,0
08/03/2023 00:15:13.288,17.008171708745998,0,0,0.033219085368644527,0
08/03/2023 00:16:13.582,0,0,0,0,0
08/03/2023 00:17:13.845,0,0,0,0,0
08/03/2023 00:18:14.045,0,0,0,0,0
08/03/2023 00:19:14.059,0,0,0,0,0
08/03/2023 00:20:14.072,0,0,0,0,0
08/03/2023 00:21:14.085,0,0,0,0,0
08/03/2023 00:22:14.098,0,0,0,0,0
08/03/2023 00:23:14.111,0,0,0,0,0
08/03/2023 00:24:14.125,0,0,0,0,0
08/03/2023 00:25:14.138,0,0,0,0,0
08/03/2023 00:26:14.151,0,0,0,0,0
08/03/2023 00:27:14.164,0,0,0,0,0
08/03/2023 00:28:14.177,0,0,0,0,0
08/03/2023 00:29:14.191,0,0,0,0,0
08/03/2023 00:30:14.204,0,0,0,0,0
08/03/2023 00:31:14.217,0,0,0,0,0
08/03/2023 00:32:14.230,0,0,0,0,0
08/03/2023 00:33:14.243,0,0,0,0,0
08/03/2023 00:34:14.257,0,0,0,0,0
08/03/2023 00:35:14.270,0,0,0,0,0
08/03/2023 00:36:14.283,0,0,0,0,0
08/03/2023 00:37:14.296,0,0,0,0,0
08/03/2023 00:38:14.309,0,0,0,0,0
08/03/2023 00:39:14.323,0,0,0,0,0
08/03/2023 00:40:14.336,0,0,0,0,0
08/03/2023 00:41:14.349,0,1.9995569901578254,0,0,0
08/03/2023 00:42:14.362,0,0,0,0,0
08/03/2023 00:43:14.375,0,0,0,0,0
08/03/2023 00:44:14.389,0,0,0,0,0
08/03/2023 00:45:14.402,0,0,0,0,0
08/03/2023 00:46:14.415,0,0,0,0,0
08/03/2023 00:47:14.428,0,0,0,0,0
08/03/2023 00:48:14.441,0,0,0,0,0
08/03/2023 00:49:14.455,0,0,0,0,0
08/03/2023 00:50:14.468,0,0,0,0,0
08/03/2023 00:51:14.481,0,0,0,0,0
08/03/2023 00:52:14.494,0,0,0,0,0
08/03/2023 00:53:14.539,0,0,0,0,0
08/03/2023 00:54:14.552,0,0,0,0,0
08/03/2023 00:55:14.565,0,0,0,0,0
08/03/2023 00:56:14.578,0,0,0,0,0
08/03/2023 00:57:14.591,0,0,0,0,0
08/03/2023 00:58:14.605,17.062913103369571,0,0,0.033326002155018693,0
08/03/2023 00:59:14.618,0,0,0,0,0
08/03/2023 01:00:14.631,0,0,0,0,0
08/03/2023 01:01:14.644,0,0,0,0,0
08/03/2023 01:02:14.657,0,0,0,0,0
08/03/2023 01:03:14.671,0,0,0,0,0
08/03/2023 01:04:14.684,0,0,0,0,0
08/03/2023 01:05:14.697,0,0,0,0,0
08/03/2023 01:06:14.710,0,0,0,0,0
08/03/2023 01:07:14.723,0,0,0,0,0
08/03/2023 01:08:14.737,0,0,0,0,0
08/03/2023 01:09:14.750,0,0,0,0,0
08/03/2023 01:10:14.763,0,0,0,0,0
08/03/2023 01:11:14.776,0,0,0,0,0
08/03/2023 01:12:14.789,0,0,0,0,0
08/03/2023 01:13:14.803,0,0,0,0,0
08/03/2023 01:14:14.816,0,0,0,0,0
08/03/2023 01:15:14.829,0,0,0,0,0
08/03/2023 01:16:14.842,0,0,0,0,0
08/03/2023 01:17:14.855,0,0,0,0,0
08/03/2023 01:18:14.869,0,0,0,0,0
08/03/2023 01:19:14.882,0,0,0,0,0
08/03/2023 01:20:14.895,0,0,0,0,0
08/03/2023 01:21:14.908,0,0,0,0,0
08/03/2023 01:22:14.921,0,0,0,0,0
08/03/2023 01:23:14.935,0,0,0,0,0
08/03/2023 01:24:14.963,0,0,0,0,0
08/03/2023 01:25:14.977,0,0,0,0,0
08/03/2023 01:26:14.990,0,0,0,0,0
08/03/2023 01:27:15.003,0,0,0,0,0
08/03/2023 01:28:15.016,0,0,0,0,0
08/03/2023 01:29:15.029,0,0,0,0,0
08/03/2023 01:30:15.043,0,0,0,0,0
08/03/2023 01:31:15.056,0,0,0,0,0
08/03/2023 01:32:15.069,0,0,0,0,0
08/03/2023 01:33:15.082,0,0,0,0,0
08/03/2023 01:34:15.095,0,0,0,0,0
08/03/2023 01:35:15.109,0,0,0,0,0
08/03/2023 01:36:15.122,0,0,0,0,0
08/03/2023 01:37:15.135,0,0,0,0,0
08/03/2023 01:38:15.148,0,0,0,0,0
08/03/2023 01:39:15.161,0,0,0,0,0
08/03/2023 01:40:15.175,0,0,0,0,0
08/03/2023 01:41:15.188,0,0,0,0,0
08/03/2023 01:42:15.201,0,0,0,0,0
08/03/2023 01:43:15.214,0,0,0,0,0
08/03/2023 01:44:15.227,0,0,0,0,0
08/03/2023 01:45:15.241,0,0,0,0,0
08/03/2023 01:46:15.269,0,0,0,0,0
08/03/2023 01:47:15.283,0,0,0,0,0
08/03/2023 01:48:15.296,315.66567080575123,276.39075599952469,0,0.18329404449235978,0
08/03/2023 01:49:15.309,0,0,0,0,0
08/03/2023 01:50:15.322,0,0,0,0,0
08/03/2023 01:51:15.335,0,0,0,0,0
08/03/2023 01:52:15.349,0,0,0,0,0
08/03/2023 01:53:15.362,0,0,0,0,0
08/03/2023 01:54:15.375,0,0,0,0,0
08/03/2023 01:55:15.388,0,0,0,0,0
08/03/2023 01:56:15.401,0,0,0,0,0
08/03/2023 01:57:15.415,0,0,0,0,0
08/03/2023 01:58:15.428,0,0,0,0,0
08/03/2023 01:59:15.441,0,0,0,0,0
08/03/2023 02:00:15.454,0,0,0,0,0
08/03/2023 02:01:15.467,0,0,0,0,0
08/03/2023 02:02:15.481,0,0,0,0,0
08/03/2023 02:03:15.494,0,0,0,0,0
08/03/2023 02:04:15.507,0,0,0,0,0
08/03/2023 02:05:15.520,0,0,0,0,0
08/03/2023 02:06:15.533,0,0,0,0,0
08/03/2023 02:07:15.547,0,0,0,0,0
08/03/2023 02:08:15.560,0,0,0,0,0
08/03/2023 02:09:15.573,0,0,0,0,0
08/03/2023 02:10:15.586,0,0,0,0,0
08/03/2023 02:11:15.599,0,0,0,0,0
08/03/2023 02:12:15.613,0,0,0,0,0
08/03/2023 02:13:15.626,0,0,0,0,0
08/03/2023 02:14:15.639,0,0,0,0,0
08/03/2023 02:15:15.652,0,0,0,0,0
08/03/2023 02:16:15.665,0,0,0,0,0
08/03/2023 02:17:15.679,0,0,0,0,0
08/03/2023 02:18:15.692,0,0,0,0,0
08/03/2023 02:19:15.705,0,0,0,0,0
08/03/2023 02:20:15.718,0,0,0,0,0
08/03/2023 02:21:15.731,0,0,0,0,0
08/03/2023 02:22:15.745,0,0,0,0,0
08/03/2023 02:23:15.758,0,0,0,0,0
08/03/2023 02:24:15.771,0,0,0,0,0
08/03/2023 02:25:15.784,0,0,0,0,0
08/03/2023 02:26:15.797,0,0,0,0,0
08/03/2023 02:27:15.811,0,0,0,0,0
08/03/2023 02:28:15.824,0,0,0,0,0
08/03/2023 02:29:15.837,0,0,0,0,0
08/03/2023 02:30:15.850,0,0,0,0,0
08/03/2023 02:31:15.863,0,0,0,0,0
08/03/2023 02:32:15.877,0,0,0,0,0
08/03/2023 02:33:15.890,0,0,0,0,0
08/03/2023 02:34:15.903,0,0,0,0,0
08/03/2023 02:35:15.916,0,0,0,0,0
08/03/2023 02:36:15.929,0,0,0,0,0
08/03/2023 02:37:15.943,0,0,0,0,0
08/03/2023 02:38:15.956,0,0,0,0,0
08/03/2023 02:39:15.969,0,0,0,0,0
08/03/2023 02:40:15.982,0,0,0,0,0
08/03/2023 02:41:15.995,0,0,0,0,0
08/03/2023 02:42:16.009,0,0,0,0,0
08/03/2023 02:43:16.022,0,0,0,0,0
08/03/2023 02:44:16.035,0,0,0,0,0
08/03/2023 02:45:16.048,0,0,0,0,0
08/03/2023 02:46:16.061,0,0,0,0,0
08/03/2023 02:47:16.075,0,0,0,0,0
08/03/2023 02:48:16.088,0,0,0,0,0
08/03/2023 02:49:16.101,0,0,0,0,0
08/03/2023 02:50:16.114,0,0,0,0,0
08/03/2023 02:51:16.127,0,0,0,0,0
08/03/2023 02:52:16.141,0,0,0,0,0
08/03/2023 02:53:16.154,0,0,0,0,0
08/03/2023 02:54:16.167,0,0,0,0,0
08/03/2023 02:55:16.180,0,0,0,0,0
08/03/2023 02:56:16.193,0,0,0,0,0
08/03/2023 02:57:16.207,0,0,0,0,0
08/03/2023 02:58:16.220,0,0,0,0,0
08/03/2023 02:59:16.233,0,0,0,0,0
08/03/2023 03:00:16.246,0,0,0,0,0
08/03/2023 03:01:16.259,0,0,0,0,0
08/03/2023 03:02:16.273,0,0,0,0,0
08/03/2023 03:03:16.286,0,0,0,0,0
08/03/2023 03:04:16.299,0,0,0,0,0
08/03/2023 03:05:16.312,0,0,0,0,0
08/03/2023 03:06:16.325,0,0,0,0,0
08/03/2023 03:07:16.339,213.28414066037374,149.73213187297799,0,0.29993082280365058,0
08/03/2023 03:08:16.352,0,0,0,0,0
08/03/2023 03:09:16.365,0,0,0,0,0
08/03/2023 03:10:16.378,0,0,0,0,0
08/03/2023 03:11:16.391,0,0,0,0,0
08/03/2023 03:12:16.405,0,0,0,0,0
08/03/2023 03:13:16.418,0,0,0,0,0
08/03/2023 03:14:16.431,0,0,0,0,0
08/03/2023 03:15:16.444,0,0,0,0,0
08/03/2023 03:16:16.457,0,0,0,0,0
08/03/2023 03:17:16.471,0,0,0,0,0
08/03/2023 03:18:16.484,0,0,0,0,0
08/03/2023 03:19:16.497,0,0,0,0,0
08/03/2023 03:20:16.510,0,0,0,0,0
08/03/2023 03:21:16.523,0,0,0,0,0
08/03/2023 03:22:16.537,0,0,0,0,0
08/03/2023 03:23:16.550,0,0,0,0,0
08/03/2023 03:24:16.563,0,0,0,0,0
08/03/2023 03:25:16.576,0,0,0,0,0
08/03/2023 03:26:16.589,0,0,0,0,0
08/03/2023 03:27:16.603,0,0,0,0,0
08/03/2023 03:28:16.616,0,0,0,0,0
08/03/2023 03:29:16.629,0,0,0,0,0
08/03/2023 03:30:16.642,0,0,0,0,0
08/03/2023 03:31:16.671,0,0,0,0,0
08/03/2023 03:32:16.684,0,0,0,0,0
08/03/2023 03:33:16.697,0,0,0,0,0
08/03/2023 03:34:16.711,0,0,0,0,0
08/03/2023 03:35:16.724,0,0,0,0,0
08/03/2023 03:36:16.737,0,0,0,0,0
08/03/2023 03:37:16.750,0,0,0,0,0
08/03/2023 03:38:16.763,0,0,0,0,0
08/03/2023 03:39:16.777,0,0,0,0,0
08/03/2023 03:40:16.790,0,0,0,0,0
08/03/2023 03:41:16.803,0,0,0,0,0
08/03/2023 03:42:16.816,0,0,0,0,0
08/03/2023 03:43:16.829,0,0,0,0,0
08/03/2023 03:44:16.843,0,0,0,0,0
08/03/2023 03:45:16.856,0,0,0,0,0
08/03/2023 03:46:16.869,0,0,0,0,0
08/03/2023 03:47:16.882,0,2.3661430771957934,0,0,0
08/03/2023 03:48:16.895,0,0,0,0,0
08/03/2023 03:49:16.909,25.5942978415972,0,0,0.049988862971869531,0
08/03/2023 03:50:16.922,0,0,0,0,0
08/03/2023 03:51:16.935,0,0,0,0,0
08/03/2023 03:52:16.948,0,0,0,0,0
08/03/2023 03:53:16.961,0,0,0,0,0
08/03/2023 03:54:16.975,0,0,0,0,0
08/03/2023 03:55:16.988,0,0,0,0,0
08/03/2023 03:56:17.001,0,0,0,0,0
08/03/2023 03:57:17.014,0,0,0,0,0
08/03/2023 03:58:17.027,0,0,0,0,0
08/03/2023 03:59:17.041,0,0,0,0,0
08/03/2023 04:00:17.054,0,0,0,0,0
08/03/2023 04:01:17.067,0,0,0,0,0
08/03/2023 04:02:17.080,0,0,0,0,0
08/03/2023 04:03:17.093,0,0,0,0,0
08/03/2023 04:04:17.107,0,0,0,0,0
08/03/2023 04:05:17.120,0,0,0,0,0
08/03/2023 04:06:17.133,0,0,0,0,0
08/03/2023 04:07:17.146,0,0,0,0,0
08/03/2023 04:08:17.159,0,0,0,0,0
08/03/2023 04:09:17.173,0,0,0,0,0
08/03/2023 04:10:17.186,0,0,0,0,0
08/03/2023 04:11:17.199,0,0,0,0,0
08/03/2023 04:12:17.212,0,0,0,0,0
08/03/2023 04:13:17.225,0,0,0,0,0
08/03/2023 04:14:17.239,0,0,0,0,0
08/03/2023 04:15:17.252,0,0,0,0,0
08/03/2023 04:16:17.265,0,0,0,0,0
08/03/2023 04:17:17.278,0,0,0,0,0
08/03/2023 04:18:17.291,0,0,0,0,0
08/03/2023 04:19:17.305,0,0,0,0,0
08/03/2023 04:20:17.318,0,0,0,0,0
08/03/2023 04:21:17.331,0,0,0,0,0
08/03/2023 04:22:17.344,0,0,0,0,0
08/03/2023 04:23:17.357,0,0,0,0,0
08/03/2023 04:24:17.371,0,0,0,0,0
08/03/2023 04:25:17.415,0,0,0,0,0
08/03/2023 04:26:17.428,145.03437030155391,81.465192601596641,0,0.26660729834844471,0
08/03/2023 04:27:17.441,0,0,0,0,0
08/03/2023 04:28:17.455,0,0,0,0,0
08/03/2023 04:29:17.468,0,0,0,0,0
08/03/2023 04:30:17.481,0,0,0,0,0
08/03/2023 04:31:17.494,0,0,0,0,0
08/03/2023 04:32:17.507,0,0,0,0,0
08/03/2023 04:33:17.521,0,0,0,0,0
08/03/2023 04:34:17.534,0,0,0,0,0
08/03/2023 04:35:17.547,0,0,0,0,0
08/03/2023 04:36:17.560,0,0,0,0,0
08/03/2023 04:37:17.573,0,0,0,0,0
08/03/2023 04:38:17.587,0,0,0,0,0
08/03/2023 04:39:17.600,0,0,0,0,0
08/03/2023 04:40:17.613,0,0,0,0,0
08/03/2023 04:41:17.626,0,0,0,0,0
08/03/2023 04:42:17.639,0,0,0,0,0
08/03/2023 04:43:17.653,0,0,0,0,0
08/03/2023 04:44:17.666,0,0,0,0,0
08/03/2023 04:45:17.679,0,0,0,0,0
08/03/2023 04:46:17.692,0,0,0,0,0
08/03/2023 04:47:17.705,0,0,0,0,0
08/03/2023 04:48:17.719,0,0,0,0,0
08/03/2023 04:49:17.732,0,0,0,0,0
08/03/2023 04:50:17.745,0,0,0,0,0
08/03/2023 04:51:17.758,0,0,0,0,0
08/03/2023 04:52:17.771,0,0,0,0,0
08/03/2023 04:53:17.785,0,0,0,0,0
08/03/2023 04:54:17.798,0,0,0,0,0
08/03/2023 04:55:17.811,0,0,0,0,0
08/03/2023 04:56:17.824,0,0,0,0,0
08/03/2023 04:57:17.853,0,0,0,0,0
08/03/2023 04:58:17.866,0,0,0,0,0
08/03/2023 04:59:17.879,0,0,0,0,0
08/03/2023 05:00:17.893,0,0,0,0,0
08/03/2023 05:01:17.906,0,0,0,0,0
08/03/2023 05:02:17.919,0,0,0,0,0
08/03/2023 05:03:17.932,0,0,0,0,0
08/03/2023 05:04:17.945,0,0,0,0,0
08/03/2023 05:05:17.959,0,0,0,0,0
08/03/2023 05:06:17.972,0,0,0,0,0
08/03/2023 05:07:17.985,0,0,0,0,0
08/03/2023 05:08:17.998,0,0,0,0,0
08/03/2023 05:09:18.011,0,0,0,0,0
08/03/2023 05:10:18.025,0,0,0,0,0
08/03/2023 05:11:18.038,0,0,0,0,0
08/03/2023 05:12:18.067,0,0,0,0,0
08/03/2023 05:13:18.080,0,0,0,0,0
08/03/2023 05:14:18.093,0,0,0,0,0
08/03/2023 05:15:18.106,0,0,0,0,0
08/03/2023 05:16:18.119,0,0,0,0,0
08/03/2023 05:17:18.133,0,0,0,0,0
08/03/2023 05:18:18.146,0,0,0,0,0
08/03/2023 05:19:18.159,0,0,0,0,0
08/03/2023 05:20:18.172,0,0,0,0,0
08/03/2023 05:21:18.185,0,0,0,0,0
08/03/2023 05:22:18.199,0,0,0,0,0
08/03/2023 05:23:18.212,0,0,0,0,0
08/03/2023 05:24:18.225,0,0,0,0,0
08/03/2023 05:25:18.238,0,0,0,0,0
08/03/2023 05:26:18.251,0,0,0,0,0
08/03/2023 05:27:18.265,0,0,0,0,0
08/03/2023 05:28:18.278,0,0,0,0,0
08/03/2023 05:29:18.291,0,0,0,0,0
08/03/2023 05:30:18.304,0,0,0,0,0
08/03/2023 05:31:18.317,0,0,0,0,0
08/03/2023 05:32:18.331,0,0,0,0,0
08/03/2023 05:33:18.344,0,0,0,0,0
08/03/2023 05:34:18.357,0,0,0,0,0
08/03/2023 05:35:18.370,0,0,0,0,0
08/03/2023 05:36:18.383,0,0,0,0,0
08/03/2023 05:37:18.397,0,0,0,0,0
08/03/2023 05:38:18.410,0,0,0,0,0
08/03/2023 05:39:18.423,0,0,0,0,0
08/03/2023 05:40:18.436,0,0,0,0,0
08/03/2023 05:41:18.449,0,0,0,0,0
08/03/2023 05:42:18.463,0,0,0,0,0
08/03/2023 05:43:18.476,0,0,0,0,0
08/03/2023 05:44:18.489,0,0,0,0,0
08/03/2023 05:45:18.502,0,0,0,0,0
08/03/2023 05:46:18.515,0,0,0,0,0
08/03/2023 05:47:18.529,0,0,0,0,0
08/03/2023 05:48:18.542,0,0,0,0,0
08/03/2023 05:49:18.555,0,0,0,0,0
08/03/2023 05:50:18.568,0,0,0,0,0
08/03/2023 05:51:18.581,0,0,0,0,0
08/03/2023 05:52:18.595,0,0,0,0,0
08/03/2023 05:53:18.608,0,0,0,0,0
08/03/2023 05:54:18.621,0,0,0,0,0
08/03/2023 05:55:18.634,0,0,0,0,0
08/03/2023 05:56:18.647,0,0,0,0,0
08/03/2023 05:57:18.661,0,0,0,0,0
08/03/2023 05:58:18.674,0,0,0,0,0
08/03/2023 05:59:18.687,0,0,0,0,0
08/03/2023 06:00:18.700,0,0,0,0,0
08/03/2023 06:01:18.713,0,0,0,0,0
08/03/2023 06:02:18.727,0,0,0,0,0
08/03/2023 06:03:18.740,0,0,0,0,0
08/03/2023 06:04:18.753,0,0,0,0,0
08/03/2023 06:05:18.766,0,0,0,0,0
08/03/2023 06:06:18.779,0,0,0,0,0
08/03/2023 06:07:18.793,0,0,0,0,0
08/03/2023 06:08:18.806,0,0,0,0,0
08/03/2023 06:09:18.819,0,0,0,0,0
08/03/2023 06:10:18.832,93.845869495782978,86.69745365528388,0,0.11664081791024161,0
08/03/2023 06:11:18.845,0,0,0,0,0
08/03/2023 06:12:18.859,42.657206258597078,0,0,0.066651884779057924,0
08/03/2023 06:13:18.872,0,0,0,0,0
08/03/2023 06:14:18.885,0,0,0,0,0
08/03/2023 06:15:18.898,0,0,0,0,0
08/03/2023 06:16:18.911,0,0,0,0,0
08/03/2023 06:17:18.925,0,0,0,0,0
08/03/2023 06:18:18.938,0,0,0,0,0
08/03/2023 06:19:18.951,0,0,0,0,0
08/03/2023 06:20:18.964,0,0,0,0,0
08/03/2023 06:21:18.977,0,0,0,0,0
08/03/2023 06:22:18.991,0,0,0,0,0
08/03/2023 06:23:19.004,0,0,0,0,0
08/03/2023 06:24:19.017,0,0,0,0,0
08/03/2023 06:25:19.030,0,0,0,0,0
08/03/2023 06:26:19.043,0,0,0,0,0
08/03/2023 06:27:19.057,0,0,0,0,0
08/03/2023 06:28:19.070,0,0,0,0,0
08/03/2023 06:29:19.083,0,0,0,0,0
08/03/2023 06:30:19.096,0,0,0,0,0
08/03/2023 06:31:19.109,0,0,0,0,0
08/03/2023 06:32:19.123,0,0,0,0,0
08/03/2023 06:33:19.136,0,0,0,0,0
08/03/2023 06:34:19.149,0,0,0,0,0
08/03/2023 06:35:19.162,0,0,0,0,0
08/03/2023 06:36:19.175,0,0,0,0,0
08/03/2023 06:37:19.189,0,0,0,0,0
08/03/2023 06:38:19.202,0,0,0,0,0
08/03/2023 06:39:19.215,0,0,0,0,0
08/03/2023 06:40:19.228,0,0,0,0,0
08/03/2023 06:41:19.241,0,0,0,0,0
08/03/2023 06:42:19.255,0,0,0,0,0
08/03/2023 06:43:19.268,0,0,0,0,0
08/03/2023 06:44:19.281,0,0,0,0,0
08/03/2023 06:45:19.294,0,0,0,0,0
08/03/2023 06:46:19.307,0,0,0,0,0
08/03/2023 06:47:19.321,0,0,0,0,0
08/03/2023 06:48:19.334,0,0,0,0,0
08/03/2023 06:49:19.347,0,0,0,0,0
08/03/2023 06:50:19.360,0,0,0,0,0
08/03/2023 06:51:19.373,0,0,0,0,0
08/03/2023 06:52:19.387,0,0,0,0,0
08/03/2023 06:53:19.400,0,0,0,0,0
08/03/2023 06:54:19.413,0,0,0,0,0
08/03/2023 06:55:19.426,0,0,0,0,0
08/03/2023 06:56:19.439,0,0,0,0,0
08/03/2023 06:57:19.453,0,0,0,0,0
08/03/2023 06:58:19.466,0,0,0,0,0
08/03/2023 06:59:19.479,0,0,0,0,0
08/03/2023 07:00:19.492,0,0,0,0,0
08/03/2023 07:01:19.505,0,0,0,0,0
08/03/2023 07:02:19.519,0,0,0,0,0
08/03/2023 07:03:19.532,0,0,0,0,0
08/03/2023 07:04:19.545,0,0,0,0,0
08/03/2023 07:05:19.558,0,0,0,0,0
08/03/2023 07:06:19.571,0,0,0,0,0
08/03/2023 07:07:19.585,0,0,0,0,0
08/03/2023 07:08:19.598,0,0,0,0,0
08/03/2023 07:09:19.611,0,0,0,0,0
08/03/2023 07:10:19.624,0,0,0,0,0
08/03/2023 07:11:19.637,0,0,0,0,0
08/03/2023 07:12:19.651,0,0,0,0,0
08/03/2023 07:13:19.664,0,0,0,0,0
08/03/2023 07:14:19.677,0,0,0,0,0
08/03/2023 07:15:19.690,0,0,0,0,0
08/03/2023 07:16:19.703,0,0,0,0,0
08/03/2023 07:17:19.717,0,0,0,0,0
08/03/2023 07:18:19.730,0,0,0,0,0
08/03/2023 07:19:19.743,0,0,0,0,0
08/03/2023 07:20:19.756,0,0,0,0,0
08/03/2023 07:21:19.769,0,0,0,0,0
08/03/2023 07:22:19.783,0,0,0,0,0
08/03/2023 07:23:19.796,0,0,0,0,0
08/03/2023 07:24:19.825,0,0,0,0,0
08/03/2023 07:25:19.838,0,0,0,0,0
08/03/2023 07:26:19.851,0,0,0,0,0
08/03/2023 07:27:19.864,0,0,0,0,0
08/03/2023 07:28:19.877,0,0,0,0,0
08/03/2023 07:29:19.891,0,0,0,0,0
08/03/2023 07:30:19.904,0,0,0,0,0
08/03/2023 07:31:19.917,0,0,0,0,0
08/03/2023 07:32:19.930,0,0,0,0,0
08/03/2023 07:33:19.943,0,0,0,0,0
08/03/2023 07:34:19.957,0,0,0,0,0
08/03/2023 07:35:19.970,0,0,0,0,0
08/03/2023 07:36:19.983,0,0,0,0,0
08/03/2023 07:37:19.996,0,0,0,0,0
08/03/2023 07:38:20.021,0,0,0,0,0
08/03/2023 07:39:20.056,0,0,0,0,0
08/03/2023 07:40:20.091,0,0,0,0,0
08/03/2023 07:41:20.125,0,0,0,0,0
08/03/2023 07:42:20.160,0,0,0,0,0
08/03/2023 07:43:20.187,0,0,0,0,0
08/03/2023 07:44:20.208,0,0,0,0,0
08/03/2023 07:45:20.229,0,0,0,0,0
08/03/2023 07:46:20.250,0,0,0,0,0
08/03/2023 07:47:20.271,0,0,0,0,0
08/03/2023 07:48:20.289,332.7266212010349,278.68853864119131,0,0.19995590216408346,0
08/03/2023 07:49:20.306,0,0,0,0,0
08/03/2023 07:50:20.322,0,0,0,0,0
08/03/2023 07:51:20.338,0,0,0,0,0
08/03/2023 07:52:20.354,0,0,0,0,0
08/03/2023 07:53:20.369,0,0,0,0,0
08/03/2023 07:54:20.399,0,0,0,0,0
08/03/2023 07:55:20.413,0,0,0,0,0
08/03/2023 07:56:20.427,0,0,0,0,0
08/03/2023 07:57:20.441,0,0,0,0,0
08/03/2023 07:58:20.455,0,0,0,0,0
08/03/2023 07:59:20.468,0,0,0,0,0
08/03/2023 08:00:20.482,0,0,0,0,0
08/03/2023 08:01:20.495,0,0,0,0,0
08/03/2023 08:02:20.509,0,0,0,0,0
08/03/2023 08:03:20.523,0,0,0,0,0
08/03/2023 08:04:20.536,0,0,0,0,0
08/03/2023 08:05:20.550,0,0,0,0,0
08/03/2023 08:06:20.563,0,0,0,0,0
08/03/2023 08:07:20.577,0,0,0,0,0
08/03/2023 08:08:20.590,0,0,0,0,0
08/03/2023 08:09:20.603,0,0,0,0,0
08/03/2023 08:10:20.617,0,0,0,0,0
08/03/2023 08:11:20.630,0,0,0,0,0
08/03/2023 08:12:20.643,0,0,0,0,0
08/03/2023 08:13:20.656,0,0,0,0,0
08/03/2023 08:14:20.669,0,0,0,0,0
08/03/2023 08:15:20.683,0,0,0,0,0
08/03/2023 08:16:20.696,0,0,0,0,0
08/03/2023 08:17:20.709,0,0,0,0,0
08/03/2023 08:18:20.722,0,0,0,0,0
08/03/2023 08:19:20.735,0,0,0,0,0
08/03/2023 08:20:20.749,0,0,0,0,0
08/03/2023 08:21:20.762,0,0,0,0,0
08/03/2023 08:22:20.775,0,0,0,0,0
08/03/2023 08:23:20.788,0,0,0,0,0
08/03/2023 08:24:20.817,0,0,0,0,0
08/03/2023 08:25:20.830,0,0,0,0,0
08/03/2023 08:26:20.843,0,0,0,0,0
08/03/2023 08:27:20.857,0,0,0,0,0
08/03/2023 08:28:20.870,0,0,0,0,0
08/03/2023 08:29:20.883,0,0,0,0,0
08/03/2023 08:30:20.896,0,0,0,0,0
08/03/2023 08:31:20.909,0,0,0,0,0
08/03/2023 08:32:20.923,0,0,0,0,0
08/03/2023 08:33:20.936,0,0,0,0,0
08/03/2023 08:34:20.949,0,0,0,0,0
08/03/2023 08:35:20.962,0,0,0,0,0
08/03/2023 08:36:20.975,0,0,0,0,0
08/03/2023 08:37:20.989,0,0,0,0,0
08/03/2023 08:38:21.049,0,0,0,0,0
08/03/2023 08:39:21.062,0,0,0,0,0
08/03/2023 08:40:21.075,0,0,0,0,0
08/03/2023 08:41:21.088,0,0,0,0,0
08/03/2023 08:42:21.101,0,0,0,0,0
08/03/2023 08:43:21.115,0,0,0,0,0
08/03/2023 08:44:21.128,0,0,0,0,0
08/03/2023 08:45:21.141,0,0,0,0,0
08/03/2023 08:46:21.154,0,0,0,0,0
08/03/2023 08:47:21.167,0,0,0,0,0
08/03/2023 08:48:21.181,0,0,0,0,0
08/03/2023 08:49:21.194,0,0,0,0,0
08/03/2023 08:50:21.207,0,0,0,0,0
08/03/2023 08:51:21.220,0,0,0,0,0
08/03/2023 08:52:21.233,0,0,0,0,0
08/03/2023 08:53:21.247,0,0,0,0,0
08/03/2023 08:54:21.275,0,0,0,0,0
08/03/2023 08:55:21.289,0,0,0,0,0
08/03/2023 08:56:21.302,0,0,0,0,0
08/03/2023 08:57:21.315,0,0,0,0,0
08/03/2023 08:58:21.328,0,0,0,0,0
08/03/2023 08:59:21.341,0,0,0,0,0
08/03/2023 09:00:21.355,0,0,0,0,0
08/03/2023 09:01:21.368,0,0,0,0,0
08/03/2023 09:02:21.381,0,0,0,0,0
08/03/2023 09:03:21.410,0,0,0,0,0
08/03/2023 09:04:21.423,0,0,0,0,0
08/03/2023 09:05:21.436,0,0,0,0,0
08/03/2023 09:06:21.449,0,0,0,0,0
08/03/2023 09:07:21.463,179.16041390431965,149.65026760367326,0,0.1832928341655056,0
08/03/2023 09:08:21.476,8.531290806637541,0,0,0.016662677356713947,0
08/03/2023 09:09:21.489,0,0,0,0,0
08/03/2023 09:10:21.502,17.062760402666452,0,0,0.033325703911457914,0
08/03/2023 09:11:21.515,0,0,0,0,0
08/03/2023 09:12:21.529,0,0,0,0,0
08/03/2023 09:13:21.542,0,0,0,0,0
08/03/2023 09:14:21.555,0,0,0,0,0
08/03/2023 09:15:21.568,0,0,0,0,0
08/03/2023 09:16:21.581,0,0,0,0,0
08/03/2023 09:17:21.595,0,0,0,0,0
08/03/2023 09:18:21.608,0,0,0,0,0
08/03/2023 09:19:21.621,0,0,0,0,0
08/03/2023 09:20:21.634,0,0,0,0,0
08/03/2023 09:21:21.647,0,0,0,0,0
08/03/2023 09:22:21.661,0,0,0,0,0
08/03/2023 09:23:21.674,0,0,0,0,0
08/03/2023 09:24:21.703,0,0,0,0,0
08/03/2023 09:25:21.716,0,0,0,0,0
08/03/2023 09:26:21.729,0,0,0,0,0
08/03/2023 09:27:21.742,0,0,0,0,0
08/03/2023 09:28:21.755,0,0,0,0,0
08/03/2023 09:29:21.769,0,0,0,0,0
08/03/2023 09:30:21.782,0,0,0,0,0
08/03/2023 09:31:21.795,0,0,0,0,0
08/03/2023 09:32:21.808,0,0,0,0,0
08/03/2023 09:33:21.821,0,0,0,0,0
08/03/2023 09:34:21.835,0,0,0,0,0
08/03/2023 09:35:21.848,0,0,0,0,0
08/03/2023 09:36:21.861,0,0,0,0,0
08/03/2023 09:37:21.874,0,0,0,0,0
08/03/2023 09:38:21.887,0,0,0,0,0
08/03/2023 09:39:21.901,0,0,0,0,0
08/03/2023 09:40:21.914,0,0,0,0,0
08/03/2023 09:41:21.927,0,0,0,0,0
08/03/2023 09:42:21.940,0,0,0,0,0
08/03/2023 09:43:21.953,0,0,0,0,0
08/03/2023 09:44:21.967,0,0,0,0,0
08/03/2023 09:45:21.980,0,0,0,0,0
08/03/2023 09:46:21.993,0,0,0,0,0
08/03/2023 09:47:22.006,0,0,0,0,0
08/03/2023 09:48:22.019,0,0,0,0,0
08/03/2023 09:49:22.048,0,0,0,0,0
08/03/2023 09:50:22.061,0,0,0,0,0
08/03/2023 09:51:22.075,0,0,0,0,0
08/03/2023 09:52:22.088,0,0,0,0,0
08/03/2023 09:53:22.101,0,0,0,0,0
08/03/2023 09:54:22.130,0,0,0,0,0
08/03/2023 09:55:22.143,0,0,0,0,0
08/03/2023 09:56:22.156,0,0,0,0,0
08/03/2023 09:57:22.169,0,0,0,0,0
08/03/2023 09:58:22.183,0,0,0,0,0
08/03/2023 09:59:22.196,0,0,0,0,0
08/03/2023 10:00:22.209,0,0,0,0,0
08/03/2023 10:01:22.222,0,0,0,0,0
08/03/2023 10:02:22.235,0,0,0,0,0
08/03/2023 10:03:22.249,0,0,0,0,0
08/03/2023 10:04:22.262,0,0,0,0,0
08/03/2023 10:05:22.275,0,0,0,0,0
08/03/2023 10:06:22.288,0,0,0,0,0
08/03/2023 10:07:22.301,0,0,0,0,0
08/03/2023 10:08:22.315,0,0,0,0,0
08/03/2023 10:09:22.328,0,0,0,0,0
08/03/2023 10:10:22.341,0,0,0,0,0
08/03/2023 10:11:22.354,0,0,0,0,0
08/03/2023 10:12:22.367,0,0,0,0,0
08/03/2023 10:13:22.381,0,0,0,0,0
08/03/2023 10:14:22.394,0,0,0,0,0
08/03/2023 10:15:22.407,0,0,0,0,0
08/03/2023 10:16:22.420,0,0,0,0,0
08/03/2023 10:17:22.433,0,0,0,0,0
08/03/2023 10:18:22.447,0,0,0,0,0
08/03/2023 10:19:22.460,0,0,0,0,0
08/03/2023 10:20:22.473,0,0,0,0,0
08/03/2023 10:21:22.486,0,0,0,0,0
08/03/2023 10:22:22.499,0,0,0,0,0
08/03/2023 10:23:22.513,0,0,0,0,0
08/03/2023 10:24:22.541,0,0,0,0,0
08/03/2023 10:25:22.555,0,0,0,0,0
08/03/2023 10:26:22.568,85.313999986793675,83.397767565215304,0,0.099977343734523841,0
08/03/2023 10:27:22.581,0,0,0,0,0
08/03/2023 10:28:22.594,25.594168929857243,0,0,0.033325740794084957,0
08/03/2023 10:29:22.607,17.06300561868818,0,0,0.033326182849000352,0
08/03/2023 10:30:22.621,0,0,0,0,0
08/03/2023 10:31:22.634,0,0,0,0,0
08/03/2023 10:32:22.647,0,0,0,0,0
08/03/2023 10:33:22.660,0,0,0,0,0
08/03/2023 10:34:22.673,0,0,0,0,0
08/03/2023 10:35:22.687,0,0,0,0,0
08/03/2023 10:36:22.700,0,0,0,0,0
08/03/2023 10:37:22.713,0,0,0,0,0
08/03/2023 10:38:22.773,0,0,0,0,0
08/03/2023 10:39:22.786,0,0,0,0,0
08/03/2023 10:40:22.799,0,0,0,0,0
08/03/2023 10:41:22.813,0,0,0,0,0
08/03/2023 10:42:22.826,0,0,0,0,0
08/03/2023 10:43:22.839,0,0,0,0,0
08/03/2023 10:44:22.852,0,0,0,0,0
08/03/2023 10:45:22.865,0,0,0,0,0
08/03/2023 10:46:22.879,0,0,0,0,0
08/03/2023 10:47:22.892,0,0,0,0,0
08/03/2023 10:48:22.905,0,0,0,0,0
08/03/2023 10:49:22.918,0,0,0,0,0
08/03/2023 10:50:22.931,0,0,0,0,0
08/03/2023 10:51:22.945,0,0,0,0,0
08/03/2023 10:52:22.958,0,0,0,0,0
08/03/2023 10:53:22.971,0,0,0,0,0
08/03/2023 10:54:23.000,0,0,0,0,0
08/03/2023 10:55:23.013,0,0,0,0,0
08/03/2023 10:56:23.026,0,0,0,0,0
08/03/2023 10:57:23.039,0,0,0,0,0
08/03/2023 10:58:23.053,0,0,0,0,0
08/03/2023 10:59:23.066,0,0,0,0,0
08/03/2023 11:00:23.079,0,0,0,0,0
08/03/2023 11:01:23.092,0,0,0,0,0
08/03/2023 11:02:23.105,0,0,0,0,0
08/03/2023 11:03:23.119,0,0,0,0,0
08/03/2023 11:04:23.132,0,0,0,0,0
08/03/2023 11:05:23.145,0,0,0,0,0
08/03/2023 11:06:23.158,0,0,0,0,0
08/03/2023 11:07:23.171,0,0,0,0,0
08/03/2023 11:08:23.185,0,0,0,0,0
08/03/2023 11:09:23.198,0,0,0,0,0
08/03/2023 11:10:23.211,0,0,0,0,0
08/03/2023 11:11:23.224,0,0,0,0,0
08/03/2023 11:12:23.237,0,0,0,0,0
08/03/2023 11:13:23.266,0,0,0,0,0
