timestamp,(HealthService)/Table Open Cache % Hit,(HealthService)/Table Open Cache Hits/sec,(HealthService)/Table Open Cache Misses/sec,(HealthService)/Table Opens/sec
08/02/2023 20:24:10.247, , , , 
08/02/2023 20:25:10.261,100,1.5663385069395341,0,1.5663385069395341
08/02/2023 20:26:10.274,100,1.599645372456415,0,1.599645372456415
08/02/2023 20:27:10.287,100,1.5663195274522927,0,1.5663195274522927
08/02/2023 20:28:10.300,100,1.6329670247414221,0,1.6329670247414221
08/02/2023 20:29:10.313,100,1.5663218789004898,0,1.5663218789004898
08/02/2023 20:30:10.327,100,1.5662416784521722,0,1.5662416784521722
08/02/2023 20:31:10.387,100,1.5651637945440464,0,1.5651637945440464
08/02/2023 20:32:10.400,100,1.5663344437739617,0,1.5663344437739617
08/02/2023 20:33:10.413,100,1.5663129671314318,0,1.5663129671314318
08/02/2023 20:34:10.426,100,1.5663250870892622,0,1.5663250870892622
08/02/2023 20:35:10.439,100,1.566319104556932,0,1.566319104556932
08/02/2023 20:36:10.453,100,1.6329703960262683,0,1.6329703960262683
08/02/2023 20:37:10.466,100,1.5662468292614284,0,1.5662468292614284
08/02/2023 20:38:10.479,100,1.6496907550417563,0,1.6496907550417563
08/02/2023 20:39:10.492,100,1.5661489004261184,0,1.5661489004261184
08/02/2023 20:40:10.505,100,1.5665067029387092,0,1.5665067029387092
08/02/2023 20:41:10.519,100,1.5996480904095927,0,1.5996480904095927
08/02/2023 20:42:10.532,100,1.5662493973881126,0,1.5662493973881126
08/02/2023 20:43:10.545,100,1.5663865683685363,0,1.5663865683685363
08/02/2023 20:44:10.558,100,1.5662616439504995,0,1.5662616439504995
08/02/2023 20:45:10.571,100,1.5663265398927058,0,1.5663265398927058
08/02/2023 20:46:10.585,100,1.5996316878886481,0,1.5996316878886481
08/02/2023 20:47:10.598,100,1.5663319592196663,0,1.5663319592196663
08/02/2023 20:48:10.611,100,1.6329557327489324,0,1.6329557327489324
08/02/2023 20:49:10.624,100,1.5661939539698171,0,1.5661939539698171
08/02/2023 20:50:10.637,100,1.5664485685957912,0,1.5664485685957912
08/02/2023 20:51:10.651,100,1.5663838320782859,0,1.5663838320782859
08/02/2023 20:52:10.664,100,1.5662497199993701,0,1.5662497199993701
08/02/2023 20:53:10.677,100,1.5661501834166265,0,1.5661501834166265
08/02/2023 20:54:10.706,100,1.5660788311966292,0,1.5660788311966292
08/02/2023 20:55:10.719,100,1.5663451768474321,0,1.5663451768474321
08/02/2023 20:56:10.732,100,1.5996535430983045,0,1.5996535430983045
08/02/2023 20:57:10.745,100,1.5663025862969748,0,1.5663025862969748
08/02/2023 20:58:10.759,100,1.6330295192987627,0,1.6330295192987627
08/02/2023 20:59:10.772,100,1.5663076062654115,0,1.5663076062654115
08/02/2023 21:00:10.785,100,1.5663301637102798,0,1.5663301637102798
08/02/2023 21:01:10.798,100,1.5663179634697271,0,1.5663179634697271
08/02/2023 21:02:10.811,100,1.5663204734992069,0,1.5663204734992069
08/02/2023 21:03:10.825,100,1.5663175022959772,0,1.5663175022959772
08/02/2023 21:04:10.838,100,1.56631996128484,0,1.56631996128484
08/02/2023 21:05:10.851,100,1.5663207341635863,0,1.5663207341635863
08/02/2023 21:06:10.864,100,1.5996444621303265,0,1.5996444621303265
08/02/2023 21:07:10.877,100,2.4661201501022512,0,2.4661201501022512
08/02/2023 21:08:10.891,100,1.6329721044786383,0,1.6329721044786383
08/02/2023 21:09:10.904,100,1.5663163812621046,0,1.5663163812621046
08/02/2023 21:10:10.917,100,1.5663223400768169,0,1.5663223400768169
08/02/2023 21:11:10.930,100,1.5663160094073207,0,1.5663160094073207
08/02/2023 21:12:10.943,100,1.5663228887494018,0,1.5663228887494018
08/02/2023 21:13:10.957,100,1.5662927086825158,0,1.5662927086825158
08/02/2023 21:14:10.970,100,1.5663029581453851,0,1.5663029581453851
08/02/2023 21:15:10.983,100,1.5663118369900138,0,1.5663118369900138
08/02/2023 21:16:10.996,100,1.5995226739375255,0,1.5995226739375255
08/02/2023 21:17:11.009,100,1.566474329785333,0,1.566474329785333
08/02/2023 21:18:11.023,100,1.6329353991946336,0,1.6329353991946336
08/02/2023 21:19:11.036,100,1.5663031513608054,0,1.5663031513608054
08/02/2023 21:20:11.049,100,1.566383283363004,0,1.566383283363004
08/02/2023 21:21:11.062,100,1.5663152110138225,0,1.5663152110138225
08/02/2023 21:22:11.075,100,1.5663150578973544,0,1.5663150578973544
08/02/2023 21:23:11.432,100,1.5566798019430179,0,1.5566798019430179
08/02/2023 21:24:11.476,100,1.5829184645889738,0,1.5829184645889738
08/02/2023 21:25:11.489,100,1.566309075441636,0,1.566309075441636
08/02/2023 21:26:11.503,100,1.5996544068939866,0,1.5996544068939866
08/02/2023 21:27:11.516,100,1.5663174257375152,0,1.5663174257375152
08/02/2023 21:28:11.529,100,1.6329754054695955,0,1.6329754054695955
08/02/2023 21:29:11.542,100,1.5663166273425733,0,1.5663166273425733
08/02/2023 21:30:11.555,100,1.5663197607739687,0,1.5663197607739687
08/02/2023 21:31:11.584,100,1.5659152872250346,0,1.5659152872250346
08/02/2023 21:32:11.597,100,1.5663169536271659,0,1.5663169536271659
08/02/2023 21:33:11.611,100,1.5663179652925487,0,1.5663179652925487
08/02/2023 21:34:11.624,100,1.5663198172815727,0,1.5663198172815727
08/02/2023 21:35:11.637,100,1.5663192831937376,0,1.5663192831937376
08/02/2023 21:36:11.650,100,1.6329623935233231,0,1.6329623935233231
08/02/2023 21:37:11.663,100,1.5663294947245863,0,1.5663294947245863
08/02/2023 21:38:11.677,100,1.6329689270261429,0,1.6329689270261429
08/02/2023 21:39:11.690,100,1.5663204169915557,0,1.5663204169915557
08/02/2023 21:40:11.703,100,1.5663178650373624,0,1.5663178650373624
08/02/2023 21:41:11.716,100,1.5996475040011051,0,1.5996475040011051
08/02/2023 21:42:11.729,100,1.5663196805696349,0,1.5663196805696349
08/02/2023 21:43:11.743,100,1.5663177155660175,0,1.5663177155660175
08/02/2023 21:44:11.756,100,1.566316805978814,0,1.566316805978814
08/02/2023 21:45:11.769,100,1.566316975500998,0,1.566316975500998
08/02/2023 21:46:11.782,100,1.5996530590752698,0,1.5996530590752698
08/02/2023 21:47:11.795,100,1.5663163448057453,0,1.5663163448057453
08/02/2023 21:48:11.809,100,1.6329747156240957,0,1.6329747156240957
08/02/2023 21:49:11.822,100,1.5663183590221323,0,1.5663183590221323
08/02/2023 21:50:11.835,100,1.5663207779114627,0,1.5663207779114627
08/02/2023 21:51:11.848,100,1.5663169153479608,0,1.5663169153479608
08/02/2023 21:52:11.861,100,1.566319325118708,0,1.566319325118708
08/02/2023 21:53:11.875,100,1.5660853731558064,0,1.5660853731558064
08/02/2023 21:54:11.888,100,1.5665516749624431,0,1.5665516749624431
08/02/2023 21:55:11.901,100,1.5663220939945532,0,1.5663220939945532
08/02/2023 21:56:11.914,100,1.5996443467107329,0,1.5996443467107329
08/02/2023 21:57:11.927,100,1.5663184939110166,0,1.5663184939110166
08/02/2023 21:58:11.941,100,1.6329717453042616,0,1.6329717453042616
08/02/2023 21:59:11.954,100,1.5663189295658149,0,1.5663189295658149
08/02/2023 22:00:11.967,100,1.5663216875032795,0,1.5663216875032795
08/02/2023 22:01:11.980,100,1.5663090335172143,0,1.5663090335172143
08/02/2023 22:02:11.993,100,1.5663289405788317,0,1.5663289405788317
08/02/2023 22:03:12.007,100,1.5663191118482294,0,1.5663191118482294
08/02/2023 22:04:12.020,100,1.5663160075845035,0,1.5663160075845035
08/02/2023 22:05:12.033,100,1.5663216200585597,0,1.5663216200585597
08/02/2023 22:06:12.046,100,1.599646835682115,0,1.599646835682115
08/02/2023 22:07:12.059,100,1.5663107651799821,0,1.5663107651799821
08/02/2023 22:08:12.073,100,1.6329806239891467,0,1.6329806239891467
08/02/2023 22:09:12.086,100,1.5663195420348954,0,1.5663195420348954
08/02/2023 22:10:12.099,100,1.5663185267218296,0,1.5663185267218296
08/02/2023 22:11:12.143,100,1.5654523684677928,0,1.5654523684677928
08/02/2023 22:12:12.157,100,1.5663263648999275,0,1.5663263648999275
08/02/2023 22:13:12.170,100,1.5663183134515684,0,1.5663183134515684
08/02/2023 22:14:12.183,100,1.5663612420979147,0,1.5663612420979147
08/02/2023 22:15:12.196,100,1.5662776874374977,0,1.5662776874374977
08/02/2023 22:16:12.209,100,1.5996409641793929,0,1.5996409641793929
08/02/2023 22:17:12.223,100,1.5661825413509627,0,1.5661825413509627
08/02/2023 22:18:12.236,100,1.632916240508975,0,1.632916240508975
08/02/2023 22:19:12.249,100,1.566507818775239,0,1.566507818775239
08/02/2023 22:20:12.262,100,1.5663714596447085,0,1.5663714596447085
08/02/2023 22:21:12.275,100,1.5661290216315695,0,1.5661290216315695
08/02/2023 22:22:12.289,100,1.5664632594803156,0,1.5664632594803156
08/02/2023 22:23:12.302,100,1.5658037120335531,0,1.5658037120335531
08/02/2023 22:24:12.331,100,1.5663992509525866,0,1.5663992509525866
08/02/2023 22:25:12.344,100,1.56639385668195,0,1.56639385668195
08/02/2023 22:26:12.357,100,1.8661899240012105,0,1.8661899240012105
08/02/2023 22:27:12.370,100,1.5663214797006471,0,1.5663214797006471
08/02/2023 22:28:12.383,100,1.6329346371712747,0,1.6329346371712747
08/02/2023 22:29:12.397,100,1.5995391058660318,0,1.5995391058660318
08/02/2023 22:30:12.410,100,1.5665090914142676,0,1.5665090914142676
08/02/2023 22:31:12.423,100,1.5663206831244003,0,1.5663206831244003
08/02/2023 22:32:12.479,100,1.5663033591585747,0,1.5663033591585747
08/02/2023 22:33:12.569,100,1.5661575369610117,0,1.5661575369610117
08/02/2023 22:34:12.659,100,1.5831080950509051,0,1.5831080950509051
08/02/2023 22:35:12.749,100,1.5663104498347928,0,1.5663104498347928
08/02/2023 22:36:12.839,100,1.6330359811181143,0,1.6330359811181143
08/02/2023 22:37:12.902,100,1.5662644508990544,0,1.5662644508990544
08/02/2023 22:38:12.943,100,1.6329722432074083,0,1.6329722432074083
08/02/2023 22:39:12.984,100,1.5663214432440506,0,1.5663214432440506
08/02/2023 22:40:13.025,100,1.5663685684573738,0,1.5663685684573738
08/02/2023 22:41:13.081,100,1.5992321592966214,0,1.5992321592966214
08/02/2023 22:42:13.112,100,1.5663166072915691,0,1.5663166072915691
08/02/2023 22:43:13.136,100,1.56627294289104,0,1.56627294289104
08/02/2023 22:44:13.159,100,1.5663678775636198,0,1.5663678775636198
08/02/2023 22:45:13.182,100,1.5662728882095349,0,1.5662728882095349
08/02/2023 22:46:13.205,100,1.5996926047228386,0,1.5996926047228386
08/02/2023 22:47:13.225,100,1.5662703509919003,0,1.5662703509919003
08/02/2023 22:48:13.242,100,1.6329546400450552,0,1.6329546400450552
08/02/2023 22:49:13.258,100,1.5663847763799037,0,1.5663847763799037
08/02/2023 22:50:13.275,100,1.5662725819931773,0,1.5662725819931773
08/02/2023 22:51:13.291,100,1.5663646892517904,0,1.5663646892517904
08/02/2023 22:52:13.307,100,1.5662626190905777,0,1.5662626190905777
08/02/2023 22:53:13.321,100,1.5660228386354231,0,1.5660228386354231
08/02/2023 22:54:13.351,100,1.5662122560606686,0,1.5662122560606686
08/02/2023 22:55:13.366,100,1.5663659270225372,0,1.5663659270225372
08/02/2023 22:56:13.380,100,1.5996461003457096,0,1.5996461003457096
08/02/2023 22:57:13.394,100,1.5661356879330914,0,1.5661356879330914
08/02/2023 22:58:13.407,100,1.6329714678469145,0,1.6329714678469145
08/02/2023 22:59:13.421,100,1.5663134848096583,0,1.5663134848096583
08/02/2023 23:00:13.435,100,1.5665144591294278,0,1.5665144591294278
08/02/2023 23:01:13.448,100,1.56631977353375,0,1.56631977353375
08/02/2023 23:02:13.462,100,1.5663145219899512,0,1.5663145219899512
08/02/2023 23:03:13.475,100,1.5663208635843946,0,1.5663208635843946
08/02/2023 23:04:13.489,100,1.56632287598957,0,1.56632287598957
08/02/2023 23:05:13.503,100,1.5663190225298409,0,1.5663190225298409
08/02/2023 23:06:13.516,100,1.599646487560745,0,1.599646487560745
08/02/2023 23:07:13.529,100,1.5663117567864913,0,1.5663117567864913
08/02/2023 23:08:13.543,100,1.632929713491355,0,1.632929713491355
08/02/2023 23:09:13.556,100,1.5661908028164977,0,1.5661908028164977
08/02/2023 23:10:13.569,100,1.5664452413984882,0,1.5664452413984882
08/02/2023 23:11:13.582,100,1.566369622117096,0,1.566369622117096
08/02/2023 23:12:13.595,100,1.5663176116652213,0,1.5663176116652213
08/02/2023 23:13:13.609,100,1.566268493651731,0,1.566268493651731
08/02/2023 23:14:13.622,100,1.5663245001355615,0,1.5663245001355615
08/02/2023 23:15:13.635,100,1.5663110003218532,0,1.5663110003218532
08/02/2023 23:16:13.648,100,1.5997012468669816,0,1.5997012468669816
08/02/2023 23:17:13.661,100,1.5661038020939833,0,1.5661038020939833
08/02/2023 23:18:13.675,100,1.6331944542364261,0,1.6331944542364261
08/02/2023 23:19:13.688,100,1.5663203513697723,0,1.5663203513697723
08/02/2023 23:20:13.701,100,1.5661991573189882,0,1.5661991573189882
08/02/2023 23:21:13.714,100,1.5664396699698873,0,1.5664396699698873
08/02/2023 23:22:13.727,100,1.5662709688911274,0,1.5662709688911274
08/02/2023 23:23:13.741,100,1.5658298728264883,0,1.5658298728264883
08/02/2023 23:24:13.769,100,1.5662606815704538,0,1.5662606815704538
08/02/2023 23:25:13.783,100,1.5665085280251017,0,1.5665085280251017
08/02/2023 23:26:13.796,100,1.5996445384561959,0,1.5996445384561959
08/02/2023 23:27:13.809,100,1.5662660384698668,0,1.5662660384698668
08/02/2023 23:28:13.822,100,1.6329777733734594,0,1.6329777733734594
08/02/2023 23:29:13.835,100,1.5663573538140527,0,1.5663573538140527
08/02/2023 23:30:13.849,100,1.5663188220192106,0,1.5663188220192106
08/02/2023 23:31:13.862,100,1.5663304900005117,0,1.5663304900005117
08/02/2023 23:32:13.875,100,1.5663112354637951,0,1.5663112354637951
08/02/2023 23:33:13.888,100,1.5662800697465398,0,1.5662800697465398
08/02/2023 23:34:13.901,100,1.5661731992383772,0,1.5661731992383772
08/02/2023 23:35:13.915,100,1.5664486652214582,0,1.5664486652214582
08/02/2023 23:36:13.928,100,1.6330374806476213,0,1.6330374806476213
08/02/2023 23:37:13.941,100,1.5663196021881345,0,1.5663196021881345
08/02/2023 23:38:13.954,100,1.6329702192900202,0,1.6329702192900202
08/02/2023 23:39:13.967,100,1.5662732181213399,0,1.5662732181213399
08/02/2023 23:40:13.981,100,1.5663121796778843,0,1.5663121796778843
08/02/2023 23:41:13.994,100,1.5996999157249516,0,1.5996999157249516
08/02/2023 23:42:14.007,100,1.5663089642507833,0,1.5663089642507833
08/02/2023 23:43:14.020,100,1.5661381208374756,0,1.5661381208374756
08/02/2023 23:44:14.033,100,1.5663193980317056,0,1.5663193980317056
08/02/2023 23:45:14.047,100,1.5664522294407166,0,1.5664522294407166
08/02/2023 23:46:14.060,100,1.6163693218941186,0,1.6163693218941186
08/02/2023 23:47:14.073,100,1.5663183571993096,0,1.5663183571993096
08/02/2023 23:48:14.086,100,1.6329707152918456,0,1.6329707152918456
08/02/2023 23:49:14.099,100,1.5663201034653067,0,1.5663201034653067
08/02/2023 23:50:14.113,100,1.5662664339960461,0,1.5662664339960461
08/02/2023 23:51:14.126,100,1.5663723966396152,0,1.5663723966396152
08/02/2023 23:52:14.139,100,1.5663192339774707,0,1.5663192339774707
08/02/2023 23:53:14.152,100,1.5659887435906701,0,1.5659887435906701
08/02/2023 23:54:14.165,100,1.5666412365118529,0,1.5666412365118529
08/02/2023 23:55:14.179,100,1.5663288202709233,0,1.5663288202709233
08/02/2023 23:56:14.192,100,1.5996448828535026,0,1.5996448828535026
08/02/2023 23:57:14.205,100,1.5663128759909344,0,1.5663128759909344
08/02/2023 23:58:14.218,100,1.6329762967584462,0,1.6329762967584462
08/02/2023 23:59:14.231,100,1.5663155682856984,0,1.5663155682856984
08/03/2023 00:00:14.245,100,1.5663221596164827,0,1.5663221596164827
08/03/2023 00:01:14.258,100,1.5663206521363247,0,1.5663206521363247
08/03/2023 00:02:14.271,100,1.566317788478865,0,1.566317788478865
08/03/2023 00:03:14.284,100,1.5662554851031791,0,1.5662554851031791
08/03/2023 00:04:14.297,100,1.5663859430861775,0,1.5663859430861775
08/03/2023 00:05:14.311,100,1.5663193087132845,0,1.5663193087132845
08/03/2023 00:06:14.324,100,1.5996447022775988,0,1.5996447022775988
08/03/2023 00:07:14.337,100,1.5663181184095856,0,1.5663181184095856
08/03/2023 00:08:14.350,100,1.6329692500919206,0,1.6329692500919206
08/03/2023 00:09:14.363,100,1.5663221432109997,0,1.5663221432109997
08/03/2023 00:10:14.377,100,1.8329255899649111,0,1.8329255899649111
08/03/2023 00:11:14.390,100,1.5663197097348462,0,1.5663197097348462
08/03/2023 00:12:14.419,100,1.5656589390263802,0,1.5656589390263802
08/03/2023 00:13:14.447,100,1.5994762929738955,0,1.5994762929738955
08/03/2023 00:14:14.492,100,1.5655146207116228,0,1.5655146207116228
08/03/2023 00:15:14.801,100,1.5585527263438907,0,1.5585527263438907
08/03/2023 00:16:15.127,100,1.5913656476669371,0,1.5913656476669371
08/03/2023 00:17:15.389,100,1.5764178274951857,0,1.5764178274951857
08/03/2023 00:18:15.590,100,1.6276570426476769,0,1.6276570426476769
08/03/2023 00:19:15.619,100,1.5662281144520096,0,1.5662281144520096
08/03/2023 00:20:15.632,100,1.566262881558395,0,1.566262881558395
08/03/2023 00:21:15.645,100,1.5663707888007947,0,1.5663707888007947
08/03/2023 00:22:15.658,100,1.5663238238633646,0,1.5663238238633646
08/03/2023 00:23:15.671,100,1.5660940272130743,0,1.5660940272130743
08/03/2023 00:24:15.685,100,1.5665439621635362,0,1.5665439621635362
08/03/2023 00:25:15.698,100,1.5663205336525177,0,1.5663205336525177
08/03/2023 00:26:15.711,100,1.5996452272509571,0,1.5996452272509571
08/03/2023 00:27:15.724,100,1.5663197516598397,0,1.5663197516598397
08/03/2023 00:28:15.737,100,1.6329689213249834,0,1.6329689213249834
08/03/2023 00:29:15.751,100,1.5663210677412054,0,1.5663210677412054
08/03/2023 00:30:15.764,100,1.56631864338251,0,1.56631864338251
08/03/2023 00:31:15.777,100,1.566319266788315,0,1.566319266788315
08/03/2023 00:32:15.790,100,1.5663198664978764,0,1.5663198664978764
08/03/2023 00:33:15.803,100,1.5663199485250556,0,1.5663199485250556
08/03/2023 00:34:15.817,100,1.5663184775056103,0,1.5663184775056103
08/03/2023 00:35:15.830,100,1.5663193451697817,0,1.5663193451697817
08/03/2023 00:36:15.843,100,1.6329711067724262,0,1.6329711067724262
08/03/2023 00:37:15.856,100,1.5663192904850367,0,1.5663192904850367
08/03/2023 00:38:15.869,100,1.6329705081492842,0,1.6329705081492842
08/03/2023 00:39:15.883,100,1.5663203987632821,0,1.5663203987632821
08/03/2023 00:40:15.896,100,1.5663187800942668,0,1.5663187800942668
08/03/2023 00:41:15.909,100,1.5996458024881179,0,1.5996458024881179
08/03/2023 00:42:15.922,100,1.5663186689020361,0,1.5663186689020361
08/03/2023 00:43:15.935,100,1.5663203750665269,0,1.5663203750665269
08/03/2023 00:44:15.949,100,1.5663188949321611,0,1.5663188949321611
08/03/2023 00:45:15.962,100,1.5663197133804978,0,1.5663197133804978
08/03/2023 00:46:15.975,100,1.5996458229658237,0,1.5996458229658237
08/03/2023 00:47:15.988,100,1.5663186871302694,0,1.5663186871302694
08/03/2023 00:48:16.001,100,1.6329701223701583,0,1.6329701223701583
08/03/2023 00:49:16.015,100,1.5663188894636895,0,1.5663188894636895
08/03/2023 00:50:16.028,100,1.5663207523918681,0,1.5663207523918681
08/03/2023 00:51:16.041,100,1.5829806570914429,0,1.5829806570914429
08/03/2023 00:52:16.054,100,1.5663207523918681,0,1.5663207523918681
08/03/2023 00:53:16.067,100,1.5660425926483721,0,1.5660425926483721
08/03/2023 00:54:16.081,100,1.5665932360392767,0,1.5665932360392767
08/03/2023 00:55:16.094,100,1.5663220393096162,0,1.5663220393096162
08/03/2023 00:56:16.107,100,1.5996442443223977,0,1.5996442443223977
08/03/2023 00:57:16.120,100,1.5663203112675739,0,1.5663203112675739
08/03/2023 00:58:16.133,100,1.6329712455010263,0,1.6329712455010263
08/03/2023 00:59:16.147,100,1.5663162609561259,0,1.5663162609561259
08/03/2023 01:00:16.160,100,1.5663225588166718,0,1.5663225588166718
08/03/2023 01:01:16.173,100,1.5663091210116624,0,1.5663091210116624
08/03/2023 01:02:16.186,100,1.566296230268361,0,1.566296230268361
08/03/2023 01:03:16.199,100,1.5663529478448401,0,1.5663529478448401
08/03/2023 01:04:16.213,100,1.5663178887340417,0,1.5663178887340417
08/03/2023 01:05:16.226,100,1.566319436311032,0,1.566319436311032
08/03/2023 01:06:16.239,100,1.5996447376481335,0,1.5996447376481335
08/03/2023 01:07:16.252,100,1.5663198628522241,0,1.5663198628522241
08/03/2023 01:08:16.265,100,1.6329685564508498,0,1.6329685564508498
08/03/2023 01:09:16.279,100,1.566322724694436,0,1.566322724694436
08/03/2023 01:10:16.292,100,1.5663189897190071,0,1.5663189897190071
08/03/2023 01:11:16.305,100,1.5663171596057774,0,1.5663171596057774
08/03/2023 01:12:16.318,100,1.5663201964294722,0,1.5663201964294722
08/03/2023 01:13:16.331,100,1.5663204589165867,0,1.5663204589165867
08/03/2023 01:14:16.345,100,1.5663194436023322,0,1.5663194436023322
08/03/2023 01:15:16.358,100,1.566320422460038,0,1.566320422460038
08/03/2023 01:16:16.371,100,1.5996440358225554,0,1.5996440358225554
08/03/2023 01:17:16.384,100,1.5663196732783322,0,1.5663196732783322
08/03/2023 01:18:16.397,100,1.6329616542792049,0,1.6329616542792049
08/03/2023 01:19:16.411,100,1.5663290134927244,0,1.5663290134927244
08/03/2023 01:20:16.424,100,1.5663186998900334,0,1.5663186998900334
08/03/2023 01:21:16.437,100,1.5663156776546725,0,1.5663156776546725
08/03/2023 01:22:16.450,100,1.5663163976674668,0,1.5663163976674668
08/03/2023 01:23:16.463,100,1.5660687632464596,0,1.5660687632464596
08/03/2023 01:24:16.477,100,1.5665727223554131,0,1.5665727223554131
08/03/2023 01:25:16.490,100,1.5663190097700721,0,1.5663190097700721
08/03/2023 01:26:16.503,100,1.5996440283761333,0,1.5996440283761333
08/03/2023 01:27:16.516,100,1.5663191227851756,0,1.5663191227851756
08/03/2023 01:28:16.529,100,1.6329729425527988,0,1.6329729425527988
08/03/2023 01:29:16.543,100,1.5663223765334551,0,1.5663223765334551
08/03/2023 01:30:16.556,100,1.5663205682862438,0,1.5663205682862438
08/03/2023 01:31:16.569,100,1.5663194764131854,0,1.5663194764131854
08/03/2023 01:32:16.582,100,1.5663189532625263,0,1.5663189532625263
08/03/2023 01:33:16.595,100,1.5663168533721088,0,1.5663168533721088
08/03/2023 01:34:16.609,100,1.5663207523918681,0,1.5663207523918681
08/03/2023 01:35:16.622,100,1.5663208380647968,0,1.5663208380647968
08/03/2023 01:36:16.635,100,1.6329625892615949,0,1.6329625892615949
08/03/2023 01:37:16.648,100,1.5663242267100745,0,1.5663242267100745
08/03/2023 01:38:16.661,100,1.6329652763917408,0,1.6329652763917408
08/03/2023 01:39:16.675,100,1.5663281585777593,0,1.5663281585777593
08/03/2023 01:40:16.688,100,1.5663128832821738,0,1.5663128832821738
08/03/2023 01:41:16.701,100,1.5996514543548424,0,1.5996514543548424
08/03/2023 01:42:16.714,100,1.5663190024787756,0,1.5663190024787756
08/03/2023 01:43:16.727,100,1.5663185449500598,0,1.5663185449500598
08/03/2023 01:44:16.741,100,1.5663194946414376,0,1.5663194946414376
08/03/2023 01:45:16.754,100,1.5663201417446677,0,1.5663201417446677
08/03/2023 01:46:16.798,100,1.598807942012759,0,1.598807942012759
08/03/2023 01:47:16.811,100,1.5663258782014682,0,1.5663258782014682
08/03/2023 01:48:16.825,100,3.0826512638708383,0,3.0826512638708383
08/03/2023 01:49:16.838,100,1.5663180783075017,0,1.5663180783075017
08/03/2023 01:50:16.851,100,1.5663196823924606,0,1.5663196823924606
08/03/2023 01:51:16.864,100,1.566312768445161,0,1.566312768445161
08/03/2023 01:52:16.877,100,1.5663260258515306,0,1.5663260258515306
08/03/2023 01:53:16.891,100,1.5661072444701711,0,1.5661072444701711
08/03/2023 01:54:16.904,100,1.5665308724594977,0,1.5665308724594977
08/03/2023 01:55:16.917,100,1.5663194308425565,0,1.5663194308425565
08/03/2023 01:56:16.930,100,1.5996404336240413,0,1.5996404336240413
08/03/2023 01:57:16.943,100,1.5663208544702523,0,1.5663208544702523
08/03/2023 01:58:16.957,100,1.6329740732891402,0,1.6329740732891402
08/03/2023 01:59:16.970,100,1.566316404958739,0,1.566316404958739
08/03/2023 02:00:16.983,100,1.5663227009976104,0,1.5663227009976104
08/03/2023 02:01:16.996,100,1.5663161096622698,0,1.5663161096622698
08/03/2023 02:02:17.009,100,1.5663238384460472,0,1.5663238384460472
08/03/2023 02:03:17.023,100,1.5663198428011371,0,1.5663198428011371
08/03/2023 02:04:17.036,100,1.5663142813785833,0,1.5663142813785833
08/03/2023 02:05:17.049,100,1.6662988123781994,0,1.6662988123781994
08/03/2023 02:06:17.062,100,1.5996464168195228,0,1.5996464168195228
08/03/2023 02:07:17.075,100,1.6329582507243039,0,1.6329582507243039
08/03/2023 02:08:17.089,100,1.5663335578644824,0,1.5663335578644824
08/03/2023 02:09:17.102,100,1.566318874881099,0,1.566318874881099
08/03/2023 02:10:17.115,100,1.5663191355449464,0,1.5663191355449464
08/03/2023 02:11:17.128,100,1.5663204188143831,0,1.5663204188143831
08/03/2023 02:12:17.141,100,1.5663174257375152,0,1.5663174257375152
08/03/2023 02:13:17.155,100,1.5996421835272365,0,1.5996421835272365
08/03/2023 02:14:17.168,100,1.5663207979625735,0,1.5663207979625735
08/03/2023 02:15:17.181,100,1.5663198810804853,0,1.5663198810804853
08/03/2023 02:16:17.194,100,1.5996475263404681,0,1.5996475263404681
08/03/2023 02:17:17.207,100,1.6329619640395123,0,1.6329619640395123
08/03/2023 02:18:17.221,100,1.5663233298751476,0,1.5663233298751476
08/03/2023 02:19:17.234,100,1.5663171122124639,0,1.5663171122124639
08/03/2023 02:20:17.247,100,1.5663245803403891,0,1.5663245803403891
08/03/2023 02:21:17.260,100,1.5663197680652723,0,1.5663197680652723
08/03/2023 02:22:17.273,100,1.5663188019681502,0,1.5663188019681502
08/03/2023 02:23:17.287,100,1.5660918987689794,0,1.5660918987689794
08/03/2023 02:24:17.300,100,1.5665481814015667,0,1.5665481814015667
08/03/2023 02:25:17.313,100,1.5663204807905169,0,1.5663204807905169
08/03/2023 02:26:17.326,100,1.5996446724918869,0,1.5996446724918869
08/03/2023 02:27:17.339,100,1.6329649229214993,0,1.6329649229214993
08/03/2023 02:28:17.353,100,1.5663153969410029,0,1.5663153969410029
08/03/2023 02:29:17.366,100,1.5663274695424962,0,1.5663274695424962
08/03/2023 02:30:17.379,100,1.5663211588826562,0,1.5663211588826562
08/03/2023 02:31:17.392,100,1.5663179543556189,0,1.5663179543556189
08/03/2023 02:32:17.405,100,1.5663198263957028,0,1.5663198263957028
08/03/2023 02:33:17.419,100,1.5663195912511816,0,1.5663195912511816
08/03/2023 02:34:17.432,100,1.5663191227851756,0,1.5663191227851756
08/03/2023 02:35:17.445,100,1.5829811655423363,0,1.5829811655423363
08/03/2023 02:36:17.458,100,1.6163070810549169,0,1.6163070810549169
08/03/2023 02:37:17.471,100,1.6329748030425015,0,1.6329748030425015
08/03/2023 02:38:17.485,100,1.566296450823695,0,1.566296450823695
08/03/2023 02:39:17.498,100,1.5663412540086865,0,1.5663412540086865
08/03/2023 02:40:17.511,100,1.5996457578094885,0,1.5996457578094885
08/03/2023 02:41:17.524,100,1.5663202164805681,0,1.5663202164805681
08/03/2023 02:42:17.537,100,1.566317154137318,0,1.566317154137318
08/03/2023 02:43:17.551,100,1.5663200979968268,0,1.5663200979968268
08/03/2023 02:44:17.564,100,1.5663189860733588,0,1.5663189860733588
08/03/2023 02:45:17.577,100,1.5663188584756849,0,1.5663188584756849
08/03/2023 02:46:17.590,100,1.5996466774451099,0,1.5996466774451099
08/03/2023 02:47:17.603,100,1.6329684519296437,0,1.6329684519296437
08/03/2023 02:48:17.617,100,1.566319607656611,0,1.566319607656611
08/03/2023 02:49:17.630,100,1.56631748042213,0,1.56631748042213
08/03/2023 02:50:17.643,100,1.5663229944737316,0,1.5663229944737316
08/03/2023 02:51:17.656,100,1.5663195821370544,0,1.5663195821370544
08/03/2023 02:52:17.669,100,1.5663193123589343,0,1.5663193123589343
08/03/2023 02:53:17.683,100,1.56610154423873,0,1.56610154423873
08/03/2023 02:54:17.696,100,1.566537151989339,0,1.566537151989339
08/03/2023 02:55:17.709,100,1.5663191191395269,0,1.5663191191395269
08/03/2023 02:56:17.722,100,1.5996457205772994,0,1.5996457205772994
08/03/2023 02:57:17.735,100,1.6329706620809072,0,1.6329706620809072
08/03/2023 02:58:17.749,100,1.5663187691573253,0,1.5663187691573253
08/03/2023 02:59:17.762,100,1.5663177119203753,0,1.5663177119203753
08/03/2023 03:00:17.775,100,1.5663209966508813,0,1.5663209966508813
08/03/2023 03:01:17.788,100,1.5663193488154314,0,1.5663193488154314
08/03/2023 03:02:17.801,100,1.5663008400700367,0,1.5663008400700367
08/03/2023 03:03:17.815,100,1.5663374369158694,0,1.5663374369158694
08/03/2023 03:04:17.828,100,1.5663200615402946,0,1.5663200615402946
08/03/2023 03:05:17.841,100,1.5663192813709128,0,1.5663192813709128
08/03/2023 03:06:17.854,100,1.599627964743811,0,1.599627964743811
08/03/2023 03:07:17.867,100,2.4161510234109302,0,2.4161510234109302
08/03/2023 03:08:17.881,100,1.566323771001142,0,1.566323771001142
08/03/2023 03:09:17.894,100,1.5663168952969493,0,1.5663168952969493
08/03/2023 03:10:17.907,100,1.5663191136710537,0,1.5663191136710537
08/03/2023 03:11:17.920,100,1.566322491371877,0,1.566322491371877
08/03/2023 03:12:17.933,100,1.5663170903386276,0,1.5663170903386276
08/03/2023 03:13:17.947,100,1.5663044583003238,0,1.5663044583003238
08/03/2023 03:14:17.960,100,1.5662918683892686,0,1.5662918683892686
08/03/2023 03:15:17.973,100,1.566357293657914,0,1.566357293657914
08/03/2023 03:16:17.986,100,1.5996375332610071,0,1.5996375332610071
08/03/2023 03:17:17.999,100,1.6327838370549403,0,1.6327838370549403
08/03/2023 03:18:18.013,100,1.5664868533476681,0,1.5664868533476681
08/03/2023 03:19:18.026,100,1.5663222416439022,0,1.5663222416439022
08/03/2023 03:20:18.039,100,1.5830054757712602,0,1.5830054757712602
08/03/2023 03:21:18.052,100,1.5660928828091945,0,1.5660928828091945
08/03/2023 03:22:18.065,100,1.5664966878300375,0,1.5664966878300375
08/03/2023 03:23:18.079,100,1.5659802583242017,0,1.5659802583242017
08/03/2023 03:24:18.107,100,1.5662854012601326,0,1.5662854012601326
08/03/2023 03:25:18.121,100,1.5663342815394348,0,1.5663342815394348
08/03/2023 03:26:18.134,100,1.5996453408090696,0,1.5996453408090696
08/03/2023 03:27:18.147,100,1.6328192757991957,0,1.6328192757991957
08/03/2023 03:28:18.160,100,1.5664649860146238,0,1.5664649860146238
08/03/2023 03:29:18.173,100,1.5663121286392558,0,1.5663121286392558
08/03/2023 03:30:18.187,100,1.566321962750711,0,1.566321962750711
08/03/2023 03:31:18.200,100,1.5662550695331008,0,1.5662550695331008
08/03/2023 03:32:18.213,100,1.5663373093151891,0,1.5663373093151891
08/03/2023 03:33:18.226,100,1.5663695510223641,0,1.5663695510223641
08/03/2023 03:34:18.239,100,1.5663183827188265,0,1.5663183827188265
08/03/2023 03:35:18.253,100,1.5829846989166239,0,1.5829846989166239
08/03/2023 03:36:18.266,100,1.6162219910925566,0,1.6162219910925566
08/03/2023 03:37:18.279,100,1.6330576228837734,0,1.6330576228837734
08/03/2023 03:38:18.292,100,1.566311208121705,0,1.566311208121705
08/03/2023 03:39:18.305,100,1.5663187308780315,0,1.5663187308780315
08/03/2023 03:40:18.319,100,1.5996530739682819,0,1.5996530739682819
08/03/2023 03:41:18.332,100,1.5663203294958457,0,1.5663203294958457
08/03/2023 03:42:18.345,100,1.566320356838254,0,1.566320356838254
08/03/2023 03:43:18.358,100,1.5663173090770164,0,1.5663173090770164
08/03/2023 03:44:18.371,100,1.5663147935892356,0,1.5663147935892356
08/03/2023 03:45:18.385,100,1.5663247188760197,0,1.5663247188760197
08/03/2023 03:46:18.398,100,1.5996452067732667,0,1.5996452067732667
08/03/2023 03:47:18.411,100,1.6329697650970421,0,1.6329697650970421
08/03/2023 03:48:18.424,100,1.5663213994961369,0,1.5663213994961369
08/03/2023 03:49:18.437,100,1.566319361575206,0,1.566319361575206
08/03/2023 03:50:18.451,100,1.5663162554876726,0,1.5663162554876726
08/03/2023 03:51:18.464,100,1.566323200453932,0,1.566323200453932
08/03/2023 03:52:18.477,100,1.5663184629230276,0,1.5663184629230276
08/03/2023 03:53:18.490,100,1.5661008809152601,0,1.5661008809152601
08/03/2023 03:54:18.503,100,1.5665358902446906,0,1.5665358902446906
08/03/2023 03:55:18.517,100,1.5663210294617993,0,1.5663210294617993
08/03/2023 03:56:18.530,100,1.5996437100416607,0,1.5996437100416607
08/03/2023 03:57:18.543,100,1.6329688054014129,0,1.6329688054014129
08/03/2023 03:58:18.556,100,1.5663218861918129,0,1.5663218861918129
08/03/2023 03:59:18.569,100,1.5663156776546725,0,1.5663156776546725
08/03/2023 04:00:18.583,100,1.5663214377755614,0,1.5663214377755614
08/03/2023 04:01:18.596,100,1.5663225934504879,0,1.5663225934504879
08/03/2023 04:02:18.609,100,1.5663170265399426,0,1.5663170265399426
08/03/2023 04:03:18.622,100,1.5662786006247285,0,1.5662786006247285
08/03/2023 04:04:18.635,100,1.5663581321984468,0,1.5663581321984468
08/03/2023 04:05:18.649,100,1.5663163739708326,0,1.5663163739708326
08/03/2023 04:06:18.662,100,1.5996532880553613,0,1.5996532880553613
08/03/2023 04:07:18.675,100,1.6329644193216886,0,1.6329644193216886
08/03/2023 04:08:18.688,100,1.5663249139196465,0,1.5663249139196465
08/03/2023 04:09:18.701,100,1.5663190462265553,0,1.5663190462265553
08/03/2023 04:10:18.715,100,1.5663188366017999,0,1.5663188366017999
08/03/2023 04:11:18.728,100,1.5663192594970161,0,1.5663192594970161
08/03/2023 04:12:18.741,100,1.5663192704339644,0,1.5663192704339644
08/03/2023 04:13:18.754,100,1.5663176882237013,0,1.5663176882237013
08/03/2023 04:14:18.767,100,1.5663190006559515,0,1.5663190006559515
08/03/2023 04:15:18.781,100,1.5663221085772037,0,1.5663221085772037
08/03/2023 04:16:18.794,100,1.5996445365945893,0,1.5996445365945893
08/03/2023 04:17:18.807,100,1.632969757495488,0,1.632969757495488
08/03/2023 04:18:18.820,100,1.5663217221370571,0,1.5663217221370571
08/03/2023 04:19:18.833,100,1.5663112227041531,0,1.5663112227041531
08/03/2023 04:20:18.847,100,1.5663274713653401,0,1.5663274713653401
08/03/2023 04:21:18.860,100,1.5663187600432076,0,1.5663187600432076
08/03/2023 04:22:18.873,100,1.5663133043513644,0,1.5663133043513644
08/03/2023 04:23:18.886,100,1.5660359890929731,0,1.5660359890929731
08/03/2023 04:24:18.899,100,1.5666079879893515,0,1.5666079879893515
08/03/2023 04:25:18.913,100,1.5663114268584508,0,1.5663114268584508
08/03/2023 04:26:18.926,100,1.8995894070142785,0,1.8995894070142785
08/03/2023 04:27:18.939,100,1.6329694515329995,0,1.6329694515329995
08/03/2023 04:28:18.952,100,1.5663201089337868,0,1.5663201089337868
08/03/2023 04:29:18.965,100,1.5663186397368636,0,1.5663186397368636
08/03/2023 04:30:18.979,100,1.5663167731680727,0,1.5663167731680727
08/03/2023 04:31:18.992,100,1.5663233171153086,0,1.5663233171153086
08/03/2023 04:32:19.005,100,1.5663200050326729,0,1.5663200050326729
08/03/2023 04:33:19.018,100,1.5663126426713094,0,1.5663126426713094
08/03/2023 04:34:19.031,100,1.5829880093968356,0,1.5829880093968356
08/03/2023 04:35:19.045,100,1.5829788590938021,0,1.5829788590938021
08/03/2023 04:36:19.058,100,1.6163100210592267,0,1.6163100210592267
08/03/2023 04:37:19.071,100,1.6329713842296503,0,1.6329713842296503
08/03/2023 04:38:19.084,100,1.5663211935164103,0,1.5663211935164103
08/03/2023 04:39:19.097,100,1.566319243091594,0,1.566319243091594
08/03/2023 04:40:19.111,100,1.5996444416526554,0,1.5996444416526554
08/03/2023 04:41:19.124,100,1.5663203695980448,0,1.5663203695980448
08/03/2023 04:42:19.137,100,1.5663148956668433,0,1.5663148956668433
08/03/2023 04:43:19.150,100,1.5663243360802579,0,1.5663243360802579
08/03/2023 04:44:19.163,100,1.5663189587309985,0,1.5663189587309985
08/03/2023 04:45:19.177,100,1.5663179233676512,0,1.5663179233676512
08/03/2023 04:46:19.190,100,1.5996461785333462,0,1.5996461785333462
08/03/2023 04:47:19.203,100,1.6329695560543336,0,1.6329695560543336
08/03/2023 04:48:19.216,100,1.566319718848975,0,1.566319718848975
08/03/2023 04:49:19.229,100,1.5663078140643627,0,1.5663078140643627
08/03/2023 04:50:19.243,100,1.5663320230195679,0,1.5663320230195679
08/03/2023 04:51:19.256,100,1.5663194837044863,0,1.5663194837044863
08/03/2023 04:52:19.269,100,1.5663148646789968,0,1.5663148646789968
08/03/2023 04:53:19.282,100,1.5660739402522701,0,1.5660739402522701
08/03/2023 04:54:19.295,100,1.5665690700643065,0,1.5665690700643065
08/03/2023 04:55:19.309,100,1.5663179744066573,0,1.5663179744066573
08/03/2023 04:56:19.322,100,1.5996468952537015,0,1.5996468952537015
08/03/2023 04:57:19.335,100,1.6329664622285074,0,1.6329664622285074
08/03/2023 04:58:19.348,100,1.5663228905722351,0,1.5663228905722351
08/03/2023 04:59:19.361,100,1.5663202492914534,0,1.5663202492914534
08/03/2023 05:00:19.375,100,1.566317369230084,0,1.566317369230084
08/03/2023 05:01:19.388,100,1.5663207487462114,0,1.5663207487462114
08/03/2023 05:02:19.401,100,1.5663189040462804,0,1.5663189040462804
08/03/2023 05:03:19.414,100,1.5663168661318427,0,1.5663168661318427
08/03/2023 05:04:19.427,100,1.5663191792927333,0,1.5663191792927333
08/03/2023 05:05:19.441,100,1.5663231548830865,0,1.5663231548830865
08/03/2023 05:06:19.454,100,1.5996453463938951,0,1.5996453463938951
08/03/2023 05:07:19.467,100,1.6329430707761479,0,1.6329430707761479
08/03/2023 05:08:19.480,100,1.5663456635578847,0,1.5663456635578847
08/03/2023 05:09:19.493,100,1.566318732700855,0,1.566318732700855
08/03/2023 05:10:19.507,100,1.5663205081329308,0,1.5663205081329308
08/03/2023 05:11:19.520,100,1.5663154534482919,0,1.5663154534482919
08/03/2023 05:12:19.533,100,1.5663225168915285,0,1.5663225168915285
08/03/2023 05:13:19.546,100,1.5663123309709812,0,1.5663123309709812
08/03/2023 05:14:19.559,100,1.5663267167083652,0,1.5663267167083652
08/03/2023 05:15:19.573,100,1.5663192121035752,0,1.5663192121035752
08/03/2023 05:16:19.586,100,1.5996467202621787,0,1.5996467202621787
08/03/2023 05:17:19.599,100,1.6329702097880723,0,1.6329702097880723
08/03/2023 05:18:19.612,100,1.5663159164436524,0,1.5663159164436524
08/03/2023 05:19:19.625,100,1.5663094454703257,0,1.5663094454703257
08/03/2023 05:20:19.639,100,1.5663319063568943,0,1.5663319063568943
08/03/2023 05:21:19.652,100,1.5663209364975352,0,1.5663209364975352
08/03/2023 05:22:19.665,100,1.5663183006918111,0,1.5663183006918111
08/03/2023 05:23:19.678,100,1.5660876473650027,0,1.5660876473650027
08/03/2023 05:24:19.691,100,1.5665509875538786,0,1.5665509875538786
08/03/2023 05:25:19.705,100,1.566315067011429,0,1.566315067011429
08/03/2023 05:26:19.718,100,1.5996510801687556,0,1.5996510801687556
08/03/2023 05:27:19.731,100,1.6329550562225335,0,1.6329550562225335
08/03/2023 05:28:19.744,100,1.5663310769587018,0,1.5663310769587018
08/03/2023 05:29:19.757,100,1.5663150068585383,0,1.5663150068585383
08/03/2023 05:30:19.771,100,1.5663262026670741,0,1.5663262026670741
08/03/2023 05:31:19.784,100,1.5663190389352584,0,1.5663190389352584
08/03/2023 05:32:19.797,100,1.566319777179402,0,1.566319777179402
08/03/2023 05:33:19.810,100,1.5663179434186889,0,1.5663179434186889
08/03/2023 05:34:19.823,100,1.5663174640167452,0,1.5663174640167452
08/03/2023 05:35:19.837,100,1.5829834240998899,0,1.5829834240998899
08/03/2023 05:36:19.850,100,1.6163112568799702,0,1.6163112568799702
08/03/2023 05:37:19.863,100,1.6329671957758312,0,1.6329671957758312
08/03/2023 05:38:19.876,100,1.5663199631076661,0,1.5663199631076661
08/03/2023 05:39:19.889,100,1.5663213940276481,0,1.5663213940276481
08/03/2023 05:40:19.903,100,1.5996452942688575,0,1.5996452942688575
08/03/2023 05:41:19.916,100,1.5663206211482503,0,1.5663206211482503
08/03/2023 05:42:19.929,100,1.5663159547228087,0,1.5663159547228087
08/03/2023 05:43:19.942,100,1.5663213703308627,0,1.5663213703308627
08/03/2023 05:44:19.955,100,1.5663194308425565,0,1.5663194308425565
08/03/2023 05:45:19.969,100,1.5663188384246236,0,1.5663188384246236
08/03/2023 05:46:19.982,100,1.5996464130963006,0,1.5996464130963006
08/03/2023 05:47:19.995,100,1.6329685602516213,0,1.6329685602516213
08/03/2023 05:48:20.008,100,1.5663209364975352,0,1.5663209364975352
08/03/2023 05:49:20.021,100,1.5829818342662909,0,1.5829818342662909
08/03/2023 05:50:20.035,100,1.5663122598814503,0,1.5663122598814503
08/03/2023 05:51:20.048,100,1.5663250889121005,0,1.5663250889121005
08/03/2023 05:52:20.061,100,1.5663209875367377,0,1.5663209875367377
08/03/2023 05:53:20.074,100,1.5660715130140275,0,1.5660715130140275
08/03/2023 05:54:20.087,100,1.5664973952465815,0,1.5664973952465815
08/03/2023 05:55:20.101,100,1.5663848328921988,0,1.5663848328921988
08/03/2023 05:56:20.114,100,1.5995961753773733,0,1.5995961753773733
08/03/2023 05:57:20.127,100,1.6329691778772062,0,1.6329691778772062
08/03/2023 05:58:20.140,100,1.5663211643511437,0,1.5663211643511437
08/03/2023 05:59:20.153,100,1.5663126773046869,0,1.5663126773046869
08/03/2023 06:00:20.167,100,1.5663765092219575,0,1.5663765092219575
08/03/2023 06:01:20.180,100,1.5663205792232104,0,1.5663205792232104
08/03/2023 06:02:20.193,100,1.566266180640544,0,1.566266180640544
08/03/2023 06:03:20.206,100,1.5663730474324571,0,1.5663730474324571
08/03/2023 06:04:20.219,100,1.5663192649654902,0,1.5663192649654902
08/03/2023 06:05:20.233,100,1.5663188803495702,0,1.5663188803495702
08/03/2023 06:06:20.246,100,1.5996346813096656,0,1.5996346813096656
08/03/2023 06:07:20.259,100,1.6329827486545119,0,1.6329827486545119
08/03/2023 06:08:20.272,100,1.5663139733232279,0,1.5663139733232279
08/03/2023 06:09:20.285,100,1.5663241465052831,0,1.5663241465052831
08/03/2023 06:10:20.299,100,1.8662538771274493,0,1.8662538771274493
08/03/2023 06:11:20.312,100,1.5663194672990592,0,1.5663194672990592
08/03/2023 06:12:20.325,100,1.5663174567254632,0,1.5663174567254632
08/03/2023 06:13:20.338,100,1.566319093619986,0,1.566319093619986
08/03/2023 06:14:20.351,100,1.5663198355098329,0,1.5663198355098329
08/03/2023 06:15:20.365,100,1.5663207687973217,0,1.5663207687973217
08/03/2023 06:16:20.378,100,1.5996453035768998,0,1.5996453035768998
08/03/2023 06:17:20.391,100,1.6329717472046548,0,1.6329717472046548
08/03/2023 06:18:20.404,100,1.5663175989054752,0,1.5663175989054752
08/03/2023 06:19:20.464,100,1.5650481807453525,0,1.5650481807453525
08/03/2023 06:20:20.477,100,1.5663183006918111,0,1.5663183006918111
08/03/2023 06:21:20.491,100,1.5663226335528029,0,1.5663226335528029
08/03/2023 06:22:20.504,100,1.5663192522057174,0,1.5663192522057174
08/03/2023 06:23:20.517,100,1.5661545918900881,0,1.5661545918900881
08/03/2023 06:24:20.546,100,1.5661260675560125,0,1.5661260675560125
08/03/2023 06:25:20.559,100,1.566130989806541,0,1.566130989806541
08/03/2023 06:26:20.572,100,1.599772048197974,0,1.599772048197974
08/03/2023 06:27:20.585,100,1.6330393507871392,0,1.6330393507871392
08/03/2023 06:28:20.599,100,1.5661267473022078,0,1.5661267473022078
08/03/2023 06:29:20.612,100,1.5663293324910845,0,1.5663293324910845
08/03/2023 06:30:20.625,100,1.5665011948865797,0,1.5665011948865797
08/03/2023 06:31:20.638,100,1.5662687998664899,0,1.5662687998664899
08/03/2023 06:32:20.651,100,1.5663708690103628,0,1.5663708690103628
08/03/2023 06:33:20.665,100,1.5662702944878655,0,1.5662702944878655
08/03/2023 06:34:20.678,100,1.5663036107033164,0,1.5663036107033164
08/03/2023 06:35:20.691,100,1.5828642525412695,0,1.5828642525412695
08/03/2023 06:36:20.704,100,1.6164385960464918,0,1.6164385960464918
08/03/2023 06:37:20.717,100,1.6329663311022418,0,1.6329663311022418
08/03/2023 06:38:20.731,100,1.5663260768910647,0,1.5663260768910647
08/03/2023 06:39:20.744,100,1.5663724039314086,0,1.5663724039314086
08/03/2023 06:40:20.757,100,1.5994541038754655,0,1.5994541038754655
08/03/2023 06:41:20.770,100,1.5664443061395446,0,1.5664443061395446
08/03/2023 06:42:20.783,100,1.5661892409135085,0,1.5661892409135085
08/03/2023 06:43:20.797,100,1.5665114762505654,0,1.5665114762505654
08/03/2023 06:44:20.810,100,1.5663183170972135,0,1.5663183170972135
08/03/2023 06:45:20.823,100,1.566317540575211,0,1.566317540575211
08/03/2023 06:46:20.836,100,1.5996476957473251,0,1.5996476957473251
08/03/2023 06:47:20.849,100,1.6329689840377417,0,1.6329689840377417
08/03/2023 06:48:20.863,100,1.5663202237718756,0,1.5663202237718756
08/03/2023 06:49:20.876,100,1.5663186834846228,0,1.5663186834846228
08/03/2023 06:50:20.889,100,1.5662692282028121,0,1.5662692282028121
08/03/2023 06:51:20.902,100,1.5663260203830094,0,1.5663260203830094
08/03/2023 06:52:20.915,100,1.5663639837780279,0,1.5663639837780279
08/03/2023 06:53:20.929,100,1.5660356465259455,0,1.5660356465259455
08/03/2023 06:54:20.957,100,1.5661859986534217,0,1.5661859986534217
08/03/2023 06:55:20.971,100,1.5663294947245863,0,1.5663294947245863
08/03/2023 06:56:20.984,100,1.5996395456427142,0,1.5996395456427142
08/03/2023 06:57:20.997,100,1.6329216201738654,0,1.6329216201738654
08/03/2023 06:58:21.010,100,1.582982160338507,0,1.582982160338507
08/03/2023 06:59:21.023,100,1.5663246423168524,0,1.5663246423168524
08/03/2023 07:00:21.037,100,1.5663130382210271,0,1.5663130382210271
08/03/2023 07:01:21.050,100,1.5663692465911501,0,1.5663692465911501
08/03/2023 07:02:21.063,100,1.566276508133408,0,1.566276508133408
08/03/2023 07:03:21.076,100,1.5663154844361618,0,1.5663154844361618
08/03/2023 07:04:21.089,100,1.5663702236881611,0,1.5663702236881611
08/03/2023 07:05:21.103,100,1.5662688800656133,0,1.5662688800656133
08/03/2023 07:06:21.116,100,1.5996946284134499,0,1.5996946284134499
08/03/2023 07:07:21.129,100,1.6329157540415553,0,1.6329157540415553
08/03/2023 07:08:21.142,100,1.56637499252241,0,1.56637499252241
08/03/2023 07:09:21.155,100,1.566127343219599,0,1.566127343219599
08/03/2023 07:10:21.169,100,1.566507818775239,0,1.566507818775239
08/03/2023 07:11:21.182,100,1.566320198252299,0,1.566320198252299
08/03/2023 07:12:21.195,100,1.5662702689699157,0,1.5662702689699157
08/03/2023 07:13:21.224,100,1.5659633081090845,0,1.5659633081090845
08/03/2023 07:14:21.237,100,1.5663196659870295,0,1.5663196659870295
08/03/2023 07:15:21.250,100,1.5663173218367576,0,1.5663173218367576
08/03/2023 07:16:21.263,100,1.5996485781528527,0,1.5996485781528527
08/03/2023 07:17:21.277,100,1.632803617734135,0,1.632803617734135
08/03/2023 07:18:21.290,100,1.5664119975484296,0,1.5664119975484296
08/03/2023 07:19:21.303,100,1.566370444264334,0,1.566370444264334
08/03/2023 07:20:21.316,100,1.5663318626083964,0,1.5663318626083964
08/03/2023 07:21:21.329,100,1.5663212682524112,0,1.5663212682524112
08/03/2023 07:22:21.343,100,1.5663185686467598,0,1.5663185686467598
08/03/2023 07:23:21.371,100,1.565309009390367,0,1.565309009390367
08/03/2023 07:24:21.400,100,1.5664969449065944,0,1.5664969449065944
08/03/2023 07:25:21.413,100,1.5662874026376821,0,1.5662874026376821
08/03/2023 07:26:21.442,100,1.5992849792264261,0,1.5992849792264261
08/03/2023 07:27:21.455,100,1.6328809457697573,0,1.6328809457697573
08/03/2023 07:28:21.469,100,1.5663862329400369,0,1.5663862329400369
08/03/2023 07:29:21.482,100,1.5662854450060355,0,1.5662854450060355
08/03/2023 07:30:21.495,100,1.5663712828189473,0,1.5663712828189473
08/03/2023 07:31:21.508,100,1.5663190735689188,0,1.5663190735689188
08/03/2023 07:32:21.521,100,1.5662907692651893,0,1.5662907692651893
08/03/2023 07:33:21.535,100,1.5662985852921611,0,1.5662985852921611
08/03/2023 07:34:21.548,100,1.5663180564336385,0,1.5663180564336385
08/03/2023 07:35:21.561,100,1.5829501487934186,0,1.5829501487934186
08/03/2023 07:36:21.574,100,1.6163427850555603,0,1.6163427850555603
08/03/2023 07:37:21.587,100,1.6329538875054963,0,1.6329538875054963
08/03/2023 07:38:21.613,100,1.5663787751619702,0,1.5663787751619702
08/03/2023 07:39:21.648,100,1.5662595551498573,0,1.5662595551498573
08/03/2023 07:40:21.682,100,1.5996587184398312,0,1.5996587184398312
08/03/2023 07:41:21.717,100,1.5663035961210103,0,1.5663035961210103
08/03/2023 07:42:21.752,100,1.5663250415183072,0,1.5663250415183072
08/03/2023 07:43:21.779,100,1.5663230363989007,0,1.5663230363989007
08/03/2023 07:44:21.800,100,1.5663779457141414,0,1.5663779457141414
08/03/2023 07:45:21.821,100,1.5662996698449774,0,1.5662996698449774
08/03/2023 07:46:21.841,100,1.5996625478417907,0,1.5996625478417907
08/03/2023 07:47:21.862,100,1.6329594327501378,0,1.6329594327501378
08/03/2023 07:48:21.881,100,3.0160226225608153,0,3.0160226225608153
08/03/2023 07:49:21.897,100,1.5663189222745193,0,1.5663189222745193
08/03/2023 07:50:21.913,100,1.5663068242856415,0,1.5663068242856415
08/03/2023 07:51:21.929,100,1.566331702197258,0,1.566331702197258
08/03/2023 07:52:21.946,100,1.5663023985500506,0,1.5663023985500506
08/03/2023 07:53:21.961,100,1.5659584033103873,0,1.5659584033103873
08/03/2023 07:54:21.990,100,1.5662220233045125,0,1.5662220233045125
08/03/2023 07:55:22.004,100,1.5663441414494235,0,1.5663441414494235
08/03/2023 07:56:22.018,100,1.599605244628032,0,1.599605244628032
08/03/2023 07:57:22.032,100,1.6330058181632678,0,1.6330058181632678
08/03/2023 07:58:22.046,100,1.5663714250087315,0,1.5663714250087315
08/03/2023 07:59:22.059,100,1.5662367008268669,0,1.5662367008268669
08/03/2023 08:00:22.073,100,1.5663544736162303,0,1.5663544736162303
08/03/2023 08:01:22.087,100,1.5662963961405483,0,1.5662963961405483
08/03/2023 08:02:22.100,100,1.5663314852777024,0,1.5663314852777024
08/03/2023 08:03:22.114,100,1.5663274330856209,0,1.5663274330856209
08/03/2023 08:04:22.127,100,1.5663058490905191,0,1.5663058490905191
08/03/2023 08:05:22.141,100,1.5662048455031199,0,1.5662048455031199
08/03/2023 08:06:22.155,100,1.5998276949801979,0,1.5998276949801979
08/03/2023 08:07:22.168,100,1.6329076988673199,0,1.6329076988673199
08/03/2023 08:08:22.181,100,1.5830436503800278,0,1.5830436503800278
08/03/2023 08:09:22.195,100,1.5663185795836985,0,1.5663185795836985
08/03/2023 08:10:22.208,100,1.5662506951246011,0,1.5662506951246011
08/03/2023 08:11:22.221,100,1.5663862876294563,0,1.5663862876294563
08/03/2023 08:12:22.234,100,1.5662443504530281,0,1.5662443504530281
08/03/2023 08:13:22.247,100,1.566383179453509,0,1.566383179453509
08/03/2023 08:14:22.261,100,1.5662863910117788,0,1.5662863910117788
08/03/2023 08:15:22.274,100,1.5663033427534856,0,1.5663033427534856
08/03/2023 08:16:22.287,100,1.5996543324288048,0,1.5996543324288048
08/03/2023 08:17:22.300,100,1.6329606527850278,0,1.6329606527850278
08/03/2023 08:18:22.313,100,1.5662234321743327,0,1.5662234321743327
08/03/2023 08:19:22.327,100,1.5664153811190107,0,1.5664153811190107
08/03/2023 08:20:22.340,100,1.5663693031023247,0,1.5663693031023247
08/03/2023 08:21:22.353,100,1.5663297717976108,0,1.5663297717976108
08/03/2023 08:22:22.366,100,1.5662585617867597,0,1.5662585617867597
08/03/2023 08:23:22.379,100,1.5656286224515437,0,1.5656286224515437
08/03/2023 08:24:22.424,100,1.566207830859482,0,1.566207830859482
08/03/2023 08:25:22.437,100,1.5661712127325127,0,1.5661712127325127
08/03/2023 08:26:22.450,100,1.5998473061520149,0,1.5998473061520149
08/03/2023 08:27:22.463,100,1.6329682143814976,0,1.6329682143814976
08/03/2023 08:28:22.477,100,1.5662692974657288,0,1.5662692974657288
08/03/2023 08:29:22.490,100,1.5663706684864578,0,1.5663706684864578
08/03/2023 08:30:22.503,100,1.5663235850719734,0,1.5663235850719734
08/03/2023 08:31:22.516,100,1.5662669680478407,0,1.5662669680478407
08/03/2023 08:32:22.529,100,1.5663198154587468,0,1.5663198154587468
08/03/2023 08:33:22.543,100,1.5663247316358815,0,1.5663247316358815
08/03/2023 08:34:22.556,100,1.5663173017857357,0,1.5663173017857357
08/03/2023 08:35:22.569,100,1.582978030100364,0,1.582978030100364
08/03/2023 08:36:22.582,100,1.6163134238030958,0,1.6163134238030958
08/03/2023 08:37:22.595,100,1.6330206495847082,0,1.6330206495847082
08/03/2023 08:38:22.609,100,1.5662691881032316,0,1.5662691881032316
08/03/2023 08:39:22.622,100,1.5663687671578013,0,1.5663687671578013
08/03/2023 08:40:22.635,100,1.5995884818592754,0,1.5995884818592754
08/03/2023 08:41:22.648,100,1.5663755321171047,0,1.5663755321171047
08/03/2023 08:42:22.661,100,1.5663187181182674,0,1.5663187181182674
08/03/2023 08:43:22.675,100,1.5663166874955885,0,1.5663166874955885
08/03/2023 08:44:22.688,100,1.5663224239270874,0,1.5663224239270874
08/03/2023 08:45:22.701,100,1.5663174220918743,0,1.5663174220918743
08/03/2023 08:46:22.714,100,1.5996353477569147,0,1.5996353477569147
08/03/2023 08:47:22.727,100,1.6327855888160432,0,1.6327855888160432
08/03/2023 08:48:22.741,100,1.5664550844740834,0,1.5664550844740834
08/03/2023 08:49:22.754,100,1.5663242576982914,0,1.5663242576982914
08/03/2023 08:50:22.767,100,1.5663636337757769,0,1.5663636337757769
08/03/2023 08:51:22.780,100,1.5663193834491054,0,1.5663193834491054
08/03/2023 08:52:22.793,100,1.5662720497602693,0,1.5662720497602693
08/03/2023 08:53:22.807,100,1.5660047468676335,0,1.5660047468676335
08/03/2023 08:54:22.835,100,1.5662790198527559,0,1.5662790198527559
08/03/2023 08:55:22.849,100,1.5662666308478599,0,1.5662666308478599
08/03/2023 08:56:22.862,100,1.5996961177934355,0,1.5996961177934355
08/03/2023 08:57:22.875,100,1.6329728665369665,0,1.6329728665369665
08/03/2023 08:58:22.888,100,1.5663194873501367,0,1.5663194873501367
08/03/2023 08:59:22.901,100,1.5662671302684239,0,1.5662671302684239
08/03/2023 09:00:22.915,100,1.5663247097618327,0,1.5663247097618327
08/03/2023 09:01:22.928,100,1.5663158836329485,0,1.5663158836329485
08/03/2023 09:02:22.941,100,1.5663153058002228,0,1.5663153058002228
08/03/2023 09:03:22.954,100,1.5663747154333867,0,1.5663747154333867
08/03/2023 09:04:22.967,100,1.5662635814730044,0,1.5662635814730044
08/03/2023 09:05:22.981,100,1.566373114881606,0,1.566373114881606
08/03/2023 09:06:22.994,100,1.5995814994925643,0,1.5995814994925643
08/03/2023 09:07:23.007,100,2.449459522151769,0,2.449459522151769
08/03/2023 09:08:23.020,100,1.5663329818415728,0,1.5663329818415728
08/03/2023 09:09:23.033,100,1.5663118388128212,0,1.5663118388128212
08/03/2023 09:10:23.047,100,1.5663226025646502,0,1.5663226025646502
08/03/2023 09:11:23.060,100,1.5662526964134575,0,1.5662526964134575
08/03/2023 09:12:23.073,100,1.566437292644616,0,1.566437292644616
08/03/2023 09:13:23.086,100,1.566265444269622,0,1.566265444269622
08/03/2023 09:14:23.099,100,1.5663684846021628,0,1.5663684846021628
08/03/2023 09:15:23.113,100,1.5661450988501087,0,1.5661450988501087
08/03/2023 09:16:23.126,100,1.5998263766619294,0,1.5998263766619294
08/03/2023 09:17:23.139,100,1.6329231746014767,0,1.6329231746014767
08/03/2023 09:18:23.152,100,1.5663145165215102,0,1.5663145165215102
08/03/2023 09:19:23.165,100,1.5829839988724985,0,1.5829839988724985
08/03/2023 09:20:23.179,100,1.5663198555609197,0,1.5663198555609197
08/03/2023 09:21:23.192,100,1.5662523592196216,0,1.5662523592196216
08/03/2023 09:22:23.205,100,1.5663846159579271,0,1.5663846159579271
08/03/2023 09:23:23.218,100,1.5657910081242468,0,1.5657910081242468
08/03/2023 09:24:23.247,100,1.5664945528216101,0,1.5664945528216101
08/03/2023 09:25:23.260,100,1.5661080608750024,0,1.5661080608750024
08/03/2023 09:26:23.273,100,1.5998088793581569,0,1.5998088793581569
08/03/2023 09:27:23.287,100,1.632825711254112,0,1.632825711254112
08/03/2023 09:28:23.300,100,1.5665076984398505,0,1.5665076984398505
08/03/2023 09:29:23.313,100,1.5662758410162705,0,1.5662758410162705
08/03/2023 09:30:23.326,100,1.5663635189313223,0,1.5663635189313223
08/03/2023 09:31:23.339,100,1.5663208052538868,0,1.5663208052538868
08/03/2023 09:32:23.353,100,1.5663183152743909,0,1.5663183152743909
08/03/2023 09:33:23.366,100,1.5662727806692531,0,1.5662727806692531
08/03/2023 09:34:23.379,100,1.566315340433718,0,1.566315340433718
08/03/2023 09:35:23.392,100,1.5829886928644246,0,1.5829886928644246
08/03/2023 09:36:23.405,100,1.6163016750864225,0,1.6163016750864225
08/03/2023 09:37:23.419,100,1.6329587372170444,0,1.6329587372170444
08/03/2023 09:38:23.432,100,1.5663783631723893,0,1.5663783631723893
08/03/2023 09:39:23.445,100,1.5662710144589365,0,1.5662710144589365
08/03/2023 09:40:23.474,100,1.5992731206279631,0,1.5992731206279631
08/03/2023 09:41:23.487,100,1.5662840396701332,0,1.5662840396701332
08/03/2023 09:42:23.500,100,1.5661988256158377,0,1.5661988256158377
08/03/2023 09:43:23.513,100,1.5664317303879904,0,1.5664317303879904
08/03/2023 09:44:23.527,100,1.5663699575384813,0,1.5663699575384813
08/03/2023 09:45:23.540,100,1.5662721901093231,0,1.5662721901093231
08/03/2023 09:46:23.553,100,1.599639942162556,0,1.599639942162556
08/03/2023 09:47:23.566,100,1.632978294085182,0,1.632978294085182
08/03/2023 09:48:23.579,100,1.5663599915741355,0,1.5663599915741355
08/03/2023 09:49:23.624,100,1.5655116471020631,0,1.5655116471020631
08/03/2023 09:50:23.637,100,1.5662712113119013,0,1.5662712113119013
08/03/2023 09:51:23.650,100,1.5663144764196106,0,1.5663144764196106
08/03/2023 09:52:23.663,100,1.5663258563273872,0,1.5663258563273872
08/03/2023 09:53:23.677,100,1.5660009496355778,0,1.5660009496355778
08/03/2023 09:54:23.705,100,1.5662698807326381,0,1.5662698807326381
08/03/2023 09:55:23.719,100,1.566273453251938,0,1.566273453251938
08/03/2023 09:56:23.732,100,1.5994365123520529,0,1.5994365123520529
08/03/2023 09:57:23.745,100,1.6331786254997225,0,1.6331786254997225
08/03/2023 09:58:23.758,100,1.5663030729809595,0,1.5663030729809595
08/03/2023 09:59:23.771,100,1.5662065805806462,0,1.5662065805806462
08/03/2023 10:00:23.785,100,1.5664556806413679,0,1.5664556806413679
08/03/2023 10:01:23.798,100,1.5663237053790775,0,1.5663237053790775
08/03/2023 10:02:23.811,100,1.5663170028432893,0,1.5663170028432893
08/03/2023 10:03:23.824,100,1.5663030419935806,0,1.5663030419935806
08/03/2023 10:04:23.837,100,1.5663856532324252,0,1.5663856532324252
08/03/2023 10:05:23.851,100,1.5662696219078935,0,1.5662696219078935
08/03/2023 10:06:23.864,100,1.5996380098282805,0,1.5996380098282805
08/03/2023 10:07:23.877,100,1.6329782522761991,0,1.6329782522761991
08/03/2023 10:08:23.890,100,1.5663701525933746,0,1.5663701525933746
08/03/2023 10:09:23.903,100,1.5660858269037485,0,1.5660858269037485
08/03/2023 10:10:23.917,100,1.5665005749824426,0,1.5665005749824426
08/03/2023 10:11:23.930,100,1.5663186087488687,0,1.5663186087488687
08/03/2023 10:12:23.943,100,1.5661818761363733,0,1.5661818761363733
08/03/2023 10:13:23.956,100,1.566461633223392,0,1.566461633223392
08/03/2023 10:14:23.969,100,1.5663071633257255,0,1.5663071633257255
08/03/2023 10:15:23.983,100,1.5663248154864082,0,1.5663248154864082
08/03/2023 10:16:23.996,100,1.5996485502286122,0,1.5996485502286122
08/03/2023 10:17:24.009,100,1.6329685526500786,0,1.6329685526500786
08/03/2023 10:18:24.022,100,1.5663173801670058,0,1.5663173801670058
08/03/2023 10:19:24.035,100,1.5663195876055307,0,1.5663195876055307
08/03/2023 10:20:24.049,100,1.566327845048411,0,1.566327845048411
08/03/2023 10:21:24.062,100,1.5663194180827809,0,1.5663194180827809
08/03/2023 10:22:24.075,100,1.5663190917971617,0,1.5663190917971617
08/03/2023 10:23:24.104,100,1.5657552255221971,0,1.5657552255221971
08/03/2023 10:24:24.117,100,1.5665241535641847,0,1.5665241535641847
08/03/2023 10:25:24.130,100,1.5663196459359476,0,1.5663196459359476
08/03/2023 10:26:24.143,100,1.8995136167127502,0,1.8995136167127502
08/03/2023 10:27:24.157,100,1.6496399614067294,0,1.6496399614067294
08/03/2023 10:28:24.170,100,1.5663175332839281,0,1.5663175332839281
08/03/2023 10:29:24.183,100,1.5661700427011414,0,1.5661700427011414
08/03/2023 10:30:24.196,100,1.5664713014798266,0,1.5664713014798266
08/03/2023 10:31:24.209,100,1.5663124330482681,0,1.5663124330482681
08/03/2023 10:32:24.223,100,1.5663188311333287,0,1.5663188311333287
08/03/2023 10:33:24.236,100,1.5663200506033352,0,1.5663200506033352
08/03/2023 10:34:24.249,100,1.5663648624302013,0,1.5663648624302013
08/03/2023 10:35:24.262,100,1.5829382412785145,0,1.5829382412785145
08/03/2023 10:36:24.275,100,1.6163613082677082,0,1.6163613082677082
08/03/2023 10:37:24.289,100,1.6329140799117527,0,1.6329140799117527
08/03/2023 10:38:24.302,100,1.5663225004860382,0,1.5663225004860382
08/03/2023 10:39:24.315,100,1.5663216729206368,0,1.5663216729206368
08/03/2023 10:40:24.328,100,1.5996922658901365,0,1.5996922658901365
08/03/2023 10:41:24.341,100,1.5662760524522414,0,1.5662760524522414
08/03/2023 10:42:24.355,100,1.5663106120643833,0,1.5663106120643833
08/03/2023 10:43:24.368,100,1.5663168661318427,0,1.5663168661318427
08/03/2023 10:44:24.381,100,1.5663765675566141,0,1.5663765675566141
08/03/2023 10:45:24.394,100,1.5663188785267466,0,1.5663188785267466
08/03/2023 10:46:24.407,100,1.5996467965882637,0,1.5996467965882637
08/03/2023 10:47:24.421,100,1.6329024181062015,0,1.6329024181062015
08/03/2023 10:48:24.434,100,1.5663805160937863,0,1.5663805160937863
08/03/2023 10:49:24.447,100,1.5662756423394184,0,1.5662756423394184
08/03/2023 10:50:24.460,100,1.566175748898702,0,1.566175748898702
08/03/2023 10:51:24.473,100,1.5664580343215326,0,1.5664580343215326
08/03/2023 10:52:24.487,100,1.5663176554129232,0,1.5663176554129232
08/03/2023 10:53:24.500,100,1.5659896783056975,0,1.5659896783056975
08/03/2023 10:54:24.529,100,1.5662912577645896,0,1.5662912577645896
08/03/2023 10:55:24.542,100,1.5661494179958999,0,1.5661494179958999
08/03/2023 10:56:24.555,100,1.5997694582944606,0,1.5997694582944606
08/03/2023 10:57:24.568,100,1.6329714868508394,0,1.6329714868508394
08/03/2023 10:58:24.581,100,1.5663236488711931,0,1.5663236488711931
08/03/2023 10:59:24.595,100,1.5663637303909659,0,1.5663637303909659
08/03/2023 11:00:24.623,100,1.5658439309021515,0,1.5658439309021515
08/03/2023 11:01:24.637,100,1.5663931767038677,0,1.5663931767038677
08/03/2023 11:02:24.650,100,1.5662690750953339,0,1.5662690750953339
08/03/2023 11:03:24.663,100,1.5663229981193985,0,1.5663229981193985
08/03/2023 11:04:24.676,100,1.5663126645450214,0,1.5663126645450214
08/03/2023 11:05:24.689,100,1.5663103459349608,0,1.5663103459349608
08/03/2023 11:06:24.703,100,1.5996444174517723,0,1.5996444174517723
08/03/2023 11:07:24.716,100,1.6329758216576586,0,1.6329758216576586
08/03/2023 11:08:24.729,100,1.5663291811947031,0,1.5663291811947031
08/03/2023 11:09:24.742,100,1.5663101727686044,0,1.5663101727686044
08/03/2023 11:10:24.755,100,1.5663724914329367,0,1.5663724914329367
08/03/2023 11:11:24.769,100,1.5662573351217743,0,1.5662573351217743
08/03/2023 11:12:24.782,100,1.5663373184295228,0,1.5663373184295228
08/03/2023 11:13:24.795,100,1.5663138621316797,0,1.5663138621316797
