timestamp,(HealthService)/Database Cache Misses/sec,(HealthService)/Database Cache % Hit,(HealthService)/Database Cache Requests/sec,(HealthService)/Database Page Faults/sec,(HealthService)/Database Page Evictions/sec,(HealthService)/Database Page Fault Stalls/sec,(HealthService)/Database Cache Size (MB),(HealthService)/Database Cache Size,(HealthService)/Database Cache Size Resident,(HealthService)/Database Cache Size Resident (MB)
08/02/2023 20:24:09.077, , , , , , ,0,679936,679936,0
08/02/2023 20:25:09.091,0,100,4.6657146464806276,0,0,0,0,679936,679936,0
08/02/2023 20:26:09.104,0,100,4.6989611634789537,0,0,0,0,679936,679936,0
08/02/2023 20:27:09.117,0,100,4.6656276885196961,0,0,0,0,679936,679936,0
08/02/2023 20:28:09.130,0,100,4.6989599549447476,0,0,0,0,679936,679936,0
08/02/2023 20:29:09.143,0,100,4.6656296432056532,0,0,0,0,679936,679936,0
08/02/2023 20:30:09.157,0,100,4.6656341444192666,0,0,0,0,679936,679936,0
08/02/2023 20:31:09.170,0,100,4.6656024569288252,0,0,0,0,679936,679936,0
08/02/2023 20:32:09.183,0,100,4.6656648929901632,0,0,0,0,679936,679936,0
08/02/2023 20:33:09.196,0,100,4.665627465902789,0,0,0,0,679936,679936,0
08/02/2023 20:34:09.209,0,100,4.6656350566083669,0,0,0,0,679936,679936,0
08/02/2023 20:35:09.223,0,100,4.665633509144925,0,0,0,0,679936,679936,0
08/02/2023 20:36:09.236,0.033325925402362053,99.295774647887328,4.732281407135412,0.033325925402362053,0.033325925402362053,0,0,679936,679936,0
08/02/2023 20:37:09.249,0,100,4.6656285952765897,0,0,0,0,679936,679936,0
08/02/2023 20:38:09.262,0,100,4.6989593534121159,0,0,0,0,679936,679936,0
08/02/2023 20:39:09.275,0,100,4.6650557308980796,0,0,0,0,679936,679936,0
08/02/2023 20:40:09.289,0,100,4.6662082588028895,0,0,0,0,679936,679936,0
08/02/2023 20:41:09.302,0.033325944134786824,99.290780141843967,4.6989581230049415,0.033325944134786824,0.033325944134786824,0,0,679936,679936,0
08/02/2023 20:42:09.315,0,100,4.6656170192210498,0,0,0,0,679936,679936,0
08/02/2023 20:43:09.328,0,100,4.6656433206234951,0,0,0,0,679936,679936,0
08/02/2023 20:44:09.341,0,100,4.665636131688836,0,0,0,0,679936,679936,0
08/02/2023 20:45:09.355,0,100,4.6656070884011696,0,0,0,0,679936,679936,0
08/02/2023 20:46:09.383,0,100,4.6977487694046687,0,0,0,0,679936,679936,0
08/02/2023 20:47:09.397,0,100,4.6656433694909518,0,0,0,0,679936,679936,0
08/02/2023 20:48:09.410,0,100,4.6989649093920942,0,0,0,0,679936,679936,0
08/02/2023 20:49:09.423,0,100,4.6656258478585846,0,0,0,0,679936,679936,0
08/02/2023 20:50:09.436,0,100,4.6656370873163358,0,0,0,0,679936,679936,0
08/02/2023 20:51:09.449,0,100,4.66563134812752,0,0,0,0,679936,679936,0
08/02/2023 20:52:09.463,0,100,4.665629854963397,0,0,0,0,679936,679936,0
08/02/2023 20:53:09.476,0,100,4.6816282345727416,0,0,0,0,679936,679936,0
08/02/2023 20:54:09.489,0,100,4.6662933592002256,0,0,0,0,679936,679936,0
08/02/2023 20:55:09.502,0,100,4.665621509550971,0,0,0,0,679936,679936,0
08/02/2023 20:56:09.515,0,100,4.6989659976219951,0,0,0,0,679936,679936,0
08/02/2023 20:57:09.529,0,100,4.665630886603962,0,0,0,0,679936,679936,0
08/02/2023 20:58:09.542,0,100,4.6989700443104692,0,0,0,0,679936,679936,0
08/02/2023 20:59:09.555,0,100,4.665605481230358,0,0,0,0,679936,679936,0
08/02/2023 21:00:09.568,0,100,4.6656444391455318,0,0,0,0,679936,679936,0
08/02/2023 21:01:09.581,0,100,4.6656428916758657,0,0,0,0,679936,679936,0
08/02/2023 21:02:09.595,0,100,4.6656317607839553,0,0,0,0,679936,679936,0
08/02/2023 21:03:09.608,0,100,4.6489581589971598,0,0,0,0,679936,679936,0
08/02/2023 21:04:09.621,0,100,4.6656419034677041,0,0,0,0,679936,679936,0
08/02/2023 21:05:09.634,0,100,4.6656361371185362,0,0,0,0,679936,679936,0
08/02/2023 21:06:09.647,0,100,4.6989548747330963,0,0,0,0,679936,679936,0
08/02/2023 21:07:09.661,0.4332374088740194,96.610169491525426,12.780503561783574,0.86647481774803881,0.28327061349455118,0.016662977264385363,0,679936,679936,0
08/02/2023 21:08:09.674,0.23328156116223328,95.017793594306056,4.6822941918991106,0.23328156116223328,0.23328156116223328,0,0,679936,679936,0
08/02/2023 21:09:09.687,0.14996667460764024,96.762589928057551,4.6323039489915541,0.14996667460764024,0.016662963845293362,0,0,679936,679936,0
08/02/2023 21:10:09.700,0.14996684110526895,96.774193548387103,4.6489720742633374,0.14996684110526895,0.14996684110526895,0.049988947035089645,0,679936,679936,0
08/02/2023 21:11:09.713,0,100,4.6489630715310719,0,0,0,0,679936,679936,0
08/02/2023 21:12:09.727,0,100,4.6489719931087441,0,0,0,0,679936,679936,0
08/02/2023 21:13:09.740,0,100,4.6489382979664438,0,0,0,0,679936,679936,0
08/02/2023 21:14:09.753,0,100,4.6490004190309095,0,0,0,0,679936,679936,0
08/02/2023 21:15:09.766,0,100,4.6489658307782404,0,0,0,0,679936,679936,0
08/02/2023 21:16:09.779,0.016662932081690621,99.644128113879006,4.6822839149550655,0.016662932081690621,0,0,0,679936,679936,0
08/02/2023 21:17:09.793,0,100,4.6489809363619656,0,0,0,0,679936,679936,0
08/02/2023 21:18:09.806,0.03332588002576823,99.288256227758012,4.6822861436204359,0.03332588002576823,0,0,0,679936,679936,0
08/02/2023 21:19:09.819,0,100,4.6489760616625073,0,0,0,0,679936,679936,0
08/02/2023 21:20:09.832,0,100,4.6489606044422587,0,0,0,0,679936,679936,0
08/02/2023 21:21:09.845,0,100,4.6489728317063435,0,0,0,0,679936,679936,0
08/02/2023 21:22:09.859,0,100,4.6489638830740168,0,0,0,0,679936,679936,0
08/02/2023 21:23:09.887,0,100,4.6470109030431415,0,0,0,0,679936,679936,0
08/02/2023 21:24:09.932,0,100,4.6473150067748632,0,0,0,0,679936,679936,0
08/02/2023 21:25:09.945,0,100,4.648970434941103,0,0,0,0,679936,679936,0
08/02/2023 21:26:09.958,0.016662981181523231,99.644128113879006,4.6822977120080278,0.016662981181523231,0,0,0,679936,679936,0
08/02/2023 21:27:09.971,0,100,4.6489384007607724,0,0,0,0,679936,679936,0
08/02/2023 21:28:09.985,0.083315373833803386,98.299319727891159,4.8989439814276388,0.099978448600564054,0.083315373833803386,0.049989224300282027,0,679936,679936,0
08/02/2023 21:29:09.998,0,100,4.6489645701805982,0,0,0,0,679936,679936,0
08/02/2023 21:30:10.011,0,100,4.6489703159144513,0,0,0,0,679936,679936,0
08/02/2023 21:31:10.040,0,100,4.6477594270321285,0,0,0,0,679936,679936,0
08/02/2023 21:32:10.053,0,100,4.6489733673269047,0,0,0,0,679936,679936,0
08/02/2023 21:33:10.066,0,100,4.6489560002988677,0,0,0,0,679936,679936,0
08/02/2023 21:34:10.079,0,100,4.6489833872413602,0,0,0,0,679936,679936,0
08/02/2023 21:35:10.093,0,100,4.6489617406012549,0,0,0,0,679936,679936,0
08/02/2023 21:36:10.106,0.049988986012595604,98.939929328621915,4.7156276805215187,0.049988986012595604,0.033325990675063734,0,0,679936,679936,0
08/02/2023 21:37:10.119,0,100,4.6489639425871774,0,0,0,0,679936,679936,0
08/02/2023 21:38:10.132,0,100,4.6822977719480079,0,0,0,0,679936,679936,0
08/02/2023 21:39:10.145,0,100,4.6489596522332413,0,0,0,0,679936,679936,0
08/02/2023 21:40:10.159,0,100,4.6489608695459745,0,0,0,0,679936,679936,0
08/02/2023 21:41:10.172,0.033326079722489181,99.288256227758012,4.6823142010097305,0.033326079722489181,0.033326079722489181,0,0,679936,679936,0
08/02/2023 21:42:10.185,0,100,4.6489705539677608,0,0,0,0,679936,679936,0
08/02/2023 21:43:10.198,0,100,4.6489687469273377,0,0,0,0,679936,679936,0
08/02/2023 21:44:10.211,0,100,4.6489499299850907,0,0,0,0,679936,679936,0
08/02/2023 21:45:10.225,0,100,4.6489855784271121,0,0,0,0,679936,679936,0
08/02/2023 21:46:10.238,0,100,4.6822956468041665,0,0,0,0,679936,679936,0
08/02/2023 21:47:10.251,0,100,4.6489731887867043,0,0,0,0,679936,679936,0
08/02/2023 21:48:10.264,0,100,4.6822899906614968,0,0,0,0,679936,679936,0
08/02/2023 21:49:10.277,0,100,4.6489691959821622,0,0,0,0,679936,679936,0
08/02/2023 21:50:10.291,0,100,4.6489676756884695,0,0,0,0,679936,679936,0
08/02/2023 21:51:10.304,0,100,4.6489574232000228,0,0,0,0,679936,679936,0
08/02/2023 21:52:10.317,0,100,4.648970543147156,0,0,0,0,679936,679936,0
08/02/2023 21:53:10.330,0,100,4.6483318040109074,0,0,0,0,679936,679936,0
08/02/2023 21:54:10.343,0,100,4.6496184035550598,0,0,0,0,679936,679936,0
08/02/2023 21:55:10.357,0,100,4.6489588893842537,0,0,0,0,679936,679936,0
08/02/2023 21:56:10.370,0,100,4.6823060382309878,0,0,0,0,679936,679936,0
08/02/2023 21:57:10.383,0,100,4.6489525106780478,0,0,0,0,679936,679936,0
08/02/2023 21:58:10.396,0,100,4.6823089862005345,0,0,0,0,679936,679936,0
08/02/2023 21:59:10.409,0,100,4.6489719444159894,0,0,0,0,679936,679936,0
08/02/2023 22:00:10.423,0,100,4.6485624798319289,0,0,0,0,679936,679936,0
08/02/2023 22:01:10.436,0,100,4.6493621630257849,0,0,0,0,679936,679936,0
08/02/2023 22:02:10.449,0,100,4.6489847073628985,0,0,0,0,679936,679936,0
08/02/2023 22:03:10.462,0,100,4.6656265808650481,0,0,0,0,679936,679936,0
08/02/2023 22:04:10.475,0,100,4.648949205011065,0,0,0,0,679936,679936,0
08/02/2023 22:05:10.489,0,100,4.648990729074348,0,0,0,0,679936,679936,0
08/02/2023 22:06:10.502,0,100,4.6822992595498452,0,0,0,0,679936,679936,0
08/02/2023 22:07:10.515,0,100,4.6489694610868586,0,0,0,0,679936,679936,0
08/02/2023 22:08:10.528,0,100,4.6822845306985865,0,0,0,0,679936,679936,0
08/02/2023 22:09:10.541,0,100,4.6489778741189367,0,0,0,0,679936,679936,0
08/02/2023 22:10:10.555,0,100,4.648971506181244,0,0,0,0,679936,679936,0
08/02/2023 22:11:10.568,0,100,4.6489579425862129,0,0,0,0,679936,679936,0
08/02/2023 22:12:10.581,0,100,4.6489793619573598,0,0,0,0,679936,679936,0
08/02/2023 22:13:10.594,0,100,4.6489512446773711,0,0,0,0,679936,679936,0
08/02/2023 22:14:10.607,0,100,4.6489830896730835,0,0,0,0,679936,679936,0
08/02/2023 22:15:10.621,0,100,4.6489752014224877,0,0,0,0,679936,679936,0
08/02/2023 22:16:10.634,0,100,4.6822925735226395,0,0,0,0,679936,679936,0
08/02/2023 22:17:10.647,0,100,4.6489685142845119,0,0,0,0,679936,679936,0
08/02/2023 22:18:10.660,0,100,4.6822903394020754,0,0,0,0,679936,679936,0
08/02/2023 22:19:10.673,0,100,4.6489714196163661,0,0,0,0,679936,679936,0
08/02/2023 22:20:10.687,0,100,4.6489624060660679,0,0,0,0,679936,679936,0
08/02/2023 22:21:10.700,0,100,4.6489778903498955,0,0,0,0,679936,679936,0
08/02/2023 22:22:10.713,0,100,4.6489454286574823,0,0,0,0,679936,679936,0
08/02/2023 22:23:10.726,0,100,4.6481325842148715,0,0,0,0,679936,679936,0
08/02/2023 22:24:10.739,0,100,4.6498288729905184,0,0,0,0,679936,679936,0
08/02/2023 22:25:10.753,0,100,4.6489596792846291,0,0,0,0,679936,679936,0
08/02/2023 22:26:10.766,0.3499214405530115,94.488188976377955,6.3485747071760654,0.46656192073734865,0.38324729203425068,0,0,679936,679936,0
08/02/2023 22:27:10.779,0.23328281732758602,95,4.6656563465517209,0.23328281732758602,0.01666305838054186,0,0,679936,679936,0
08/02/2023 22:28:10.792,0.26660744727692148,94.326241134751783,4.6989562582557411,0.26660744727692148,0.24994448182211387,0,0,688128,688128,0
08/02/2023 22:29:10.805,0.38324743252678573,93.447293447293447,5.8486890789957302,0.49988795546972048,0.21661811403687889,0.16662931848990684,0,712704,712704,0
08/02/2023 22:30:10.819,0.11664113989190407,97.491039426523301,4.6489825756916048,0.11664113989190407,0.049989059953673171,0.033326039969115449,0,720896,720896,0
08/02/2023 22:31:10.832,0.049988912769839841,98.924731182795696,4.648968887595105,0.049988912769839841,0.016662970923279945,0,0,720896,720896,0
08/02/2023 22:32:10.885,0.033325891777130669,99.283154121863802,4.6489619029097282,0.033325891777130669,0.033325891777130669,0,0,720896,720896,0
08/02/2023 22:33:10.975,0,100,4.6489667884000827,0,0,0,0,720896,720896,0
08/02/2023 22:34:11.066,0,100,4.6489754773484968,0,0,0,0,720896,720896,0
08/02/2023 22:35:11.156,0,100,4.6489608370842941,0,0,0,0,720896,720896,0
08/02/2023 22:36:11.246,0.04998883882919767,98.939929328621915,4.7156137962209801,0.04998883882919767,0.04998883882919767,0.016662946276399224,0,720896,720896,0
08/02/2023 22:37:11.310,0,100,4.6489846424388714,0,0,0,0,720896,720896,0
08/02/2023 22:38:11.351,0.033325960928055079,99.288256227758012,4.6822975103917388,0.033325960928055079,0.033325960928055079,0,0,720896,720896,0
08/02/2023 22:39:11.392,0,100,4.6489679624341784,0,0,0,0,720896,720896,0
08/02/2023 22:40:11.433,0,100,4.6489668154515531,0,0,0,0,720896,720896,0
08/02/2023 22:41:11.474,0.03332595631281339,99.288256227758012,4.6822968619502818,0.03332595631281339,0.03332595631281339,0,0,720896,720896,0
08/02/2023 22:42:11.505,0,100,4.6489588947945295,0,0,0,0,720896,720896,0
08/02/2023 22:43:11.529,0,100,4.6489777009887092,0,0,0,0,720896,720896,0
08/02/2023 22:44:11.552,0,100,4.6489601391582589,0,0,0,0,720896,720896,0
08/02/2023 22:45:11.575,0,100,4.648980958003273,0,0,0,0,720896,720896,0
08/02/2023 22:46:11.598,0,100,4.6822921158002035,0,0,0,0,720896,720896,0
08/02/2023 22:47:11.618,0,100,4.6489715278224644,0,0,0,0,720896,720896,0
08/02/2023 22:48:11.635,0,100,4.6822419194494787,0,0,0,0,720896,720896,0
08/02/2023 22:49:11.651,0,100,4.6490214600639481,0,0,0,0,720896,720896,0
08/02/2023 22:50:11.668,0,100,4.6489644024616501,0,0,0,0,720896,720896,0
08/02/2023 22:51:11.685,0,100,4.6489747902386913,0,0,0,0,720896,720896,0
08/02/2023 22:52:11.700,0,100,4.6489493781391706,0,0,0,0,720896,720896,0
08/02/2023 22:53:11.714,0,100,4.6482587753223958,0,0,0,0,720896,720896,0
08/02/2023 22:54:11.729,0,100,4.649680661859712,0,0,0,0,720896,720896,0
08/02/2023 22:55:11.743,0,100,4.6489710246641502,0,0,0,0,720896,720896,0
08/02/2023 22:56:11.757,0,100,4.6823025453550544,0,0,0,0,720896,720896,0
08/02/2023 22:57:11.771,0,100,4.6489718470304835,0,0,0,0,720896,720896,0
08/02/2023 22:58:11.785,0,100,4.6822941973481926,0,0,0,0,720896,720896,0
08/02/2023 22:59:11.799,0,100,4.6489585268958153,0,0,0,0,720896,720896,0
08/02/2023 23:00:11.812,0,100,4.6489843124084249,0,0,0,0,720896,720896,0
08/02/2023 23:01:11.826,0,100,4.6489663068839659,0,0,0,0,720896,720896,0
08/02/2023 23:02:11.839,0,100,4.6489704836338266,0,0,0,0,720896,720896,0
08/02/2023 23:03:11.853,0,100,4.6489658361885322,0,0,0,0,720896,720896,0
08/02/2023 23:04:11.867,0,100,4.6489699804757381,0,0,0,0,720896,720896,0
08/02/2023 23:05:11.880,0,100,4.6489674917384098,0,0,0,0,720896,720896,0
08/02/2023 23:06:11.894,0,100,4.6822971779973557,0,0,0,0,720896,720896,0
08/02/2023 23:07:11.907,0,100,4.6489631851470667,0,0,0,0,720896,720896,0
08/02/2023 23:08:11.920,0,100,4.6823047086488945,0,0,0,0,720896,720896,0
08/02/2023 23:09:11.933,0,100,4.648944968786763,0,0,0,0,720896,720896,0
08/02/2023 23:10:11.947,0,100,4.6489910050022001,0,0,0,0,720896,720896,0
08/02/2023 23:11:11.960,0,100,4.6489714520781948,0,0,0,0,720896,720896,0
08/02/2023 23:12:11.973,0,100,4.6489675242001836,0,0,0,0,720896,720896,0
08/02/2023 23:13:12.017,0,100,4.6465552868638866,0,0,0,0,720896,720896,0
08/02/2023 23:14:12.031,0,100,4.648966063420799,0,0,0,0,720896,720896,0
08/02/2023 23:15:12.044,0,100,4.6489691689306643,0,0,0,0,720896,720896,0
08/02/2023 23:16:12.057,0,100,4.6822841765098149,0,0,0,0,720896,720896,0
08/02/2023 23:17:12.070,0,100,4.6656469802558416,0,0,0,0,720896,720896,0
08/02/2023 23:18:12.083,0,100,4.6822897509023793,0,0,0,0,720896,720896,0
08/02/2023 23:19:12.097,0,100,4.6489733565062856,0,0,0,0,720896,720896,0
08/02/2023 23:20:12.110,0,100,4.6489682870520053,0,0,0,0,720896,720896,0
08/02/2023 23:21:12.123,0,100,4.6489701481950885,0,0,0,0,720896,720896,0
08/02/2023 23:22:12.136,0,100,4.6489622599884095,0,0,0,0,720896,720896,0
08/02/2023 23:23:12.181,0,100,4.6458926267690792,0,0,0,0,720896,720896,0
08/02/2023 23:24:12.194,0,100,4.6496350665801165,0,0,0,0,720896,720896,0
08/02/2023 23:25:12.207,0,100,4.6489542257313472,0,0,0,0,720896,720896,0
08/02/2023 23:26:12.220,0,100,4.682298556616991,0,0,0,0,720896,720896,0
08/02/2023 23:27:12.233,0,100,4.6489825756916048,0,0,0,0,720896,720896,0
08/02/2023 23:28:12.247,0,100,4.6822956958459265,0,0,0,0,720896,720896,0
08/02/2023 23:29:12.260,0,100,4.6489649813625862,0,0,0,0,720896,720896,0
08/02/2023 23:30:12.273,0,100,4.6489703213247537,0,0,0,0,720896,720896,0
08/02/2023 23:31:12.286,0,100,4.6489701157332783,0,0,0,0,720896,720896,0
08/02/2023 23:32:12.299,0,100,4.6489673402501364,0,0,0,0,720896,720896,0
08/02/2023 23:33:12.313,0,100,4.6489664854236379,0,0,0,0,720896,720896,0
08/02/2023 23:34:12.326,0,100,4.6489659443943712,0,0,0,0,720896,720896,0
08/02/2023 23:35:12.339,0,100,4.6489723447786684,0,0,0,0,720896,720896,0
08/02/2023 23:36:12.352,0,100,4.7156246512126092,0,0,0,0,720896,720896,0
08/02/2023 23:37:12.365,0,100,4.6489499570363657,0,0,0,0,720896,720896,0
08/02/2023 23:38:12.379,0,100,4.6823146696347413,0,0,0,0,720896,720896,0
08/02/2023 23:39:12.392,0,100,4.6489690228525813,0,0,0,0,720896,720896,0
08/02/2023 23:40:12.405,0,100,4.6489536414228256,0,0,0,0,720896,720896,0
08/02/2023 23:41:12.418,0,100,4.6823120322579959,0,0,0,0,720896,720896,0
08/02/2023 23:42:12.431,0,100,4.6489682491799229,0,0,0,0,720896,720896,0
08/02/2023 23:43:12.445,0,100,4.6489690174422824,0,0,0,0,720896,720896,0
08/02/2023 23:44:12.458,0,100,4.6489348895254956,0,0,0,0,720896,720896,0
08/02/2023 23:45:12.471,0,100,4.6489269040548438,0,0,0,0,720896,720896,0
08/02/2023 23:46:12.484,0,100,4.6823585518784183,0,0,0,0,720896,720896,0
08/02/2023 23:47:12.497,0,100,4.6489773655489302,0,0,0,0,720896,720896,0
08/02/2023 23:48:12.511,0,100,4.6822944534550102,0,0,0,0,720896,720896,0
08/02/2023 23:49:12.524,0,100,4.6489724908569601,0,0,0,0,720896,720896,0
08/02/2023 23:50:12.537,0,100,4.6489749850099535,0,0,0,0,720896,720896,0
08/02/2023 23:51:12.550,0,100,4.648958959717838,0,0,0,0,720896,720896,0
08/02/2023 23:52:12.563,0,100,4.6489771058536506,0,0,0,0,720896,720896,0
08/02/2023 23:53:12.577,0,100,4.6482278975662794,0,0,0,0,720896,720896,0
08/02/2023 23:54:12.590,0,100,4.649708620190931,0,0,0,0,720896,720896,0
08/02/2023 23:55:12.603,0,100,4.6489676161752129,0,0,0,0,720896,720896,0
08/02/2023 23:56:12.616,0,100,4.6822924427447914,0,0,0,0,720896,720896,0
08/02/2023 23:57:12.629,0,100,4.6489708948168609,0,0,0,0,720896,720896,0
08/02/2023 23:58:12.643,0,100,4.6822903339530031,0,0,0,0,720896,720896,0
08/02/2023 23:59:12.656,0,100,4.6488762921738571,0,0,0,0,720896,720896,0
08/03/2023 00:00:12.669,0,100,4.6490635427014118,0,0,0,0,720896,720896,0
08/03/2023 00:01:12.682,0,100,4.6489756883507614,0,0,0,0,720896,720896,0
08/03/2023 00:02:12.695,0,100,4.6489689795701876,0,0,0,0,720896,720896,0
08/03/2023 00:03:12.709,0,100,4.6489668695544939,0,0,0,0,720896,720896,0
08/03/2023 00:04:12.722,0,100,4.6489648677465034,0,0,0,0,720896,720896,0
08/03/2023 00:05:12.735,0,100,4.648972799244496,0,0,0,0,720896,720896,0
08/03/2023 00:06:12.748,0,100,4.6822866013417039,0,0,0,0,720896,720896,0
08/03/2023 00:07:12.761,0,100,4.6489762943060891,0,0,0,0,720896,720896,0
08/03/2023 00:08:12.775,0,100,4.6822961263236342,0,0,0,0,720896,720896,0
08/03/2023 00:09:12.788,0,100,4.6489705485574584,0,0,0,0,720896,720896,0
08/03/2023 00:10:12.801,0.31659608904740011,94.986807387862797,6.3152588288928753,0.41657380137815803,0.34992199315765271,0.049988856165378959,0,720896,720896,0
08/03/2023 00:11:12.814,0.11664093274835405,97.5,4.6656373099341621,0.11664093274835405,0,0,0,720896,720896,0
08/03/2023 00:12:12.827,0.1166244632546292,97.5,4.6649785301851683,0.1166244632546292,0.066642550431216682,0,0,729088,729088,0
08/03/2023 00:13:12.841,0.28331008688332537,95.197740112994353,5.8995159268645407,0.41663248071077263,0.28331008688332537,0.21664888996960177,0,753664,753664,0
08/03/2023 00:14:12.994,0.049863272351834846,98.924731182795696,4.6372843287206411,0.049863272351834846,0,0,0,753664,753664,0
08/03/2023 00:15:13.117,0.049907147428828263,98.928571428571431,4.6580004266906379,0.049907147428828263,0.049907147428828263,0.049907147428828263,0,753664,753664,0
08/03/2023 00:16:13.379,0.016592923917767087,99.642857142857139,4.6460186969747843,0.016592923917767087,0,0,0,753664,753664,0
08/03/2023 00:17:13.486,0,100,4.6586255737389548,0,0,0,0,753664,753664,0
08/03/2023 00:18:13.702,0.033213042993748297,99.288256227758012,4.6664325406216358,0.033213042993748297,0.033213042993748297,0,0,753664,753664,0
08/03/2023 00:19:13.715,0,100,4.6490818032754584,0,0,0,0,753664,753664,0
08/03/2023 00:20:13.729,0,100,4.6489771599568313,0,0,0,0,753664,753664,0
08/03/2023 00:21:13.742,0,100,4.6489682978726004,0,0,0,0,753664,753664,0
08/03/2023 00:22:13.755,0,100,4.6489729290918911,0,0,0,0,753664,753664,0
08/03/2023 00:23:13.768,0,100,4.6482684135499337,0,0,0,0,753664,753664,0
08/03/2023 00:24:13.781,0,100,4.649667445901474,0,0,0,0,753664,753664,0
08/03/2023 00:25:13.795,0,100,4.6489611238291593,0,0,0,0,753664,753664,0
08/03/2023 00:26:13.808,0.016662975247641831,99.644128113879006,4.6822960445873543,0.016662975247641831,0.016662975247641831,0,0,753664,753664,0
08/03/2023 00:27:13.821,0,100,4.6489723555992821,0,0,0,0,753664,753664,0
08/03/2023 00:28:13.834,0,100,4.6822951509375486,0,0,0,0,753664,753664,0
08/03/2023 00:29:13.847,0,100,4.6489723069065194,0,0,0,0,753664,753664,0
08/03/2023 00:30:13.861,0,100,4.6489463483991935,0,0,0,0,753664,753664,0
08/03/2023 00:31:13.874,0,100,4.6489924712076132,0,0,0,0,753664,753664,0
08/03/2023 00:32:13.887,0,100,4.6489685251051078,0,0,0,0,753664,753664,0
08/03/2023 00:33:13.900,0,100,4.6489640453826393,0,0,0,0,753664,753664,0
08/03/2023 00:34:13.913,0,100,4.6489750553440254,0,0,0,0,753664,753664,0
08/03/2023 00:35:13.927,0,100,4.6489691148276693,0,0,0,0,753664,753664,0
08/03/2023 00:36:13.940,0.033325925712629788,99.293286219081267,4.7156184883371148,0.033325925712629788,0.033325925712629788,0,0,753664,753664,0
08/03/2023 00:37:13.953,0,100,4.6489683519755758,0,0,0,0,753664,753664,0
08/03/2023 00:38:13.966,0,100,4.6822982460188207,0,0,0,0,753664,753664,0
08/03/2023 00:39:13.979,0,100,4.6489674809178183,0,0,0,0,753664,753664,0
08/03/2023 00:40:13.993,0,100,4.6489704836338266,0,0,0,0,753664,753664,0
08/03/2023 00:41:14.006,0.099977754682266981,97.959183673469383,4.8989099794310818,0.11664071379597814,0.099977754682266981,0.099977754682266981,0,753664,753664,0
08/03/2023 00:42:14.019,0,100,4.6489724259332732,0,0,0,0,753664,753664,0
08/03/2023 00:43:14.032,0,100,4.6489683032828983,0,0,0,0,753664,753664,0
08/03/2023 00:44:14.045,0,100,4.6656317987917886,0,0,0,0,753664,753664,0
08/03/2023 00:45:14.059,0,100,4.6489723555992821,0,0,0,0,753664,753664,0
08/03/2023 00:46:14.072,0,100,4.6822942191445156,0,0,0,0,729088,729088,0
08/03/2023 00:47:14.085,0.016662961382543275,99.641577060931894,4.6489662257295743,0.016662961382543275,0.016662961382543275,0,0,671744,671744,0
08/03/2023 00:48:14.098,0.099977831357205699,97.864768683274022,4.6822951018958001,0.099977831357205699,0.099977831357205699,0,0,671744,671744,0
08/03/2023 00:49:14.111,0,100,4.6489673564810223,0,0,0,0,647168,647168,0
08/03/2023 00:50:14.125,0.033325844306331294,99.283154121863802,4.6489552807332153,0.033325844306331294,0.033325844306331294,0,0,647168,647168,0
08/03/2023 00:51:14.138,0,100,4.6489762834854567,0,0,0,0,647168,647168,0
08/03/2023 00:52:14.151,0,100,4.6489788425663834,0,0,0,0,647168,647168,0
08/03/2023 00:53:14.164,0,100,4.6481487768788146,0,0,0,0,647168,647168,0
08/03/2023 00:54:14.177,0,100,4.6497896124926177,0,0,0,0,647168,647168,0
08/03/2023 00:55:14.191,0,100,4.6489656955209497,0,0,0,0,647168,647168,0
08/03/2023 00:56:14.204,0.016662932566482186,99.644128113879006,4.6822840511814938,0.016662932566482186,0.016662932566482186,0,0,647168,647168,0
08/03/2023 00:57:14.217,0,100,4.6489798542968295,0,0,0,0,647168,647168,0
08/03/2023 00:58:14.230,0.033325937774292408,99.288256227758012,4.682294257288083,0.033325937774292408,0.033325937774292408,0,0,647168,647168,0
08/03/2023 00:59:14.243,0,100,4.6489714466678898,0,0,0,0,647168,647168,0
08/03/2023 01:00:14.257,0,100,4.6489661445751844,0,0,0,0,647168,647168,0
08/03/2023 01:01:14.270,0,100,4.6489267579794165,0,0,0,0,647168,647168,0
08/03/2023 01:02:14.283,0,100,4.6486590820654241,0,0,0,0,647168,647168,0
08/03/2023 01:03:14.296,0,100,4.6326591989758921,0,0,0,0,647168,647168,0
08/03/2023 01:04:14.309,0,100,4.648968508874213,0,0,0,0,647168,647168,0
08/03/2023 01:05:14.323,0,100,4.6489720850839493,0,0,0,0,647168,647168,0
08/03/2023 01:06:14.336,0,100,4.6822920231659122,0,0,0,0,647168,647168,0
08/03/2023 01:07:14.349,0,100,4.6489718253892605,0,0,0,0,647168,647168,0
08/03/2023 01:08:14.362,0,100,4.6822945188439888,0,0,0,0,647168,647168,0
08/03/2023 01:09:14.375,0,100,4.6489659606252465,0,0,0,0,647168,647168,0
08/03/2023 01:10:14.389,0,100,4.6489741734631327,0,0,0,0,647168,647168,0
08/03/2023 01:11:14.402,0,100,4.648963158095639,0,0,0,0,647168,647168,0
08/03/2023 01:12:14.415,0,100,4.648972177059159,0,0,0,0,647168,647168,0
08/03/2023 01:13:14.428,0,100,4.6489728749888091,0,0,0,0,647168,647168,0
08/03/2023 01:14:14.441,0,100,4.6489539876797092,0,0,0,0,647168,647168,0
08/03/2023 01:15:14.455,0,100,4.6489753745525286,0,0,0,0,647168,647168,0
08/03/2023 01:16:14.468,0,100,4.6823025780496561,0,0,0,0,647168,647168,0
08/03/2023 01:17:14.481,0,100,4.6489577748677435,0,0,0,0,647168,647168,0
08/03/2023 01:18:14.494,0,100,4.6823013955951618,0,0,0,0,647168,647168,0
08/03/2023 01:19:14.507,0,100,4.6489155967618903,0,0,0,0,647168,647168,0
08/03/2023 01:20:14.521,0,100,4.649017661951329,0,0,0,0,647168,647168,0
08/03/2023 01:21:14.534,0,100,4.6489740165641136,0,0,0,0,647168,647168,0
08/03/2023 01:22:14.547,0,100,4.6489428750235797,0,0,0,0,647168,647168,0
08/03/2023 01:23:14.560,0,100,4.6482622747191309,0,0,0,0,647168,647168,0
08/03/2023 01:24:14.573,0,100,4.6496941160204939,0,0,0,0,647168,647168,0
08/03/2023 01:25:14.587,0,100,4.6489773601386117,0,0,0,0,647168,647168,0
08/03/2023 01:26:14.615,0,100,4.6810798305049222,0,0,0,0,647168,647168,0
08/03/2023 01:27:14.629,0,100,4.6489711058187089,0,0,0,0,647168,647168,0
08/03/2023 01:28:14.642,0,100,4.6822803349273574,0,0,0,0,647168,647168,0
08/03/2023 01:29:14.655,0,100,4.6489804332016149,0,0,0,0,647168,647168,0
08/03/2023 01:30:14.668,0,100,4.6489658037267816,0,0,0,0,647168,647168,0
08/03/2023 01:31:14.681,0,100,4.6489761915100845,0,0,0,0,647168,647168,0
08/03/2023 01:32:14.695,0,100,4.648970039989055,0,0,0,0,647168,647168,0
08/03/2023 01:33:14.708,0,100,4.6489674051736811,0,0,0,0,647168,647168,0
08/03/2023 01:34:14.721,0,100,4.6489656468283274,0,0,0,0,647168,647168,0
08/03/2023 01:35:14.734,0,100,4.6489712032041846,0,0,0,0,647168,647168,0
08/03/2023 01:36:14.747,0.049988880773469017,98.939929328621915,4.7156177529639107,0.049988880773469017,0.049988880773469017,0,0,647168,647168,0
08/03/2023 01:37:14.761,0,100,4.6489743087209163,0,0,0,0,647168,647168,0
08/03/2023 01:38:14.774,0,100,4.6822924046012542,0,0,0,0,647168,647168,0
08/03/2023 01:39:14.787,0,100,4.6489700940920713,0,0,0,0,647168,647168,0
08/03/2023 01:40:14.800,0,100,4.6489726802177227,0,0,0,0,647168,647168,0
08/03/2023 01:41:14.813,0.033325938588745822,99.288256227758012,4.6822943717187879,0.033325938588745822,0.033325938588745822,0,0,647168,647168,0
08/03/2023 01:42:14.827,0,100,4.6489631743264956,0,0,0,0,647168,647168,0
08/03/2023 01:43:14.840,0,100,4.6489667559383188,0,0,0,0,647168,647168,0
08/03/2023 01:44:14.853,0,100,4.6489620435770815,0,0,0,0,647168,647168,0
08/03/2023 01:45:14.866,0,100,4.6489798434761811,0,0,0,0,638976,638976,0
08/03/2023 01:46:14.911,0.066617295595708448,98.576512455516024,4.6798650155985184,0.066617295595708448,0.066617295595708448,0,0,614400,614400,0
08/03/2023 01:47:14.924,0.016662970826321184,99.641577060931894,4.6489688605436106,0.016662970826321184,0.016662970826321184,0,0,606208,606208,0
08/03/2023 01:48:14.937,0.44990026152694412,96.845794392523359,14.263504587669043,1.0830932221944951,0.43323728887779805,0,0,630784,630784,0
08/03/2023 01:49:14.950,0.3332594289371455,92.857142857142861,4.6656320051200373,0.3332594289371455,0.14996674302171548,0,0,499712,499712,0
08/03/2023 01:50:14.963,0.44989690070858707,90.357142857142861,4.6655974888297918,0.44989690070858707,0.41657120435980283,0,0,499712,499712,0
08/03/2023 01:51:14.977,0.3999128794125047,91.428571428571431,4.6656502598125549,0.3999128794125047,0.23328251299062772,0,0,524288,524288,0
08/03/2023 01:52:14.990,0.44989961333903128,90.357142857142861,4.6656256198121762,0.44989961333903128,0.39991076741247228,0,0,524288,524288,0
08/03/2023 01:53:15.003,0.29989344854236716,93.571428571428569,4.6650091995479341,0.29989344854236716,0.23325045997739671,0,0,540672,540672,0
08/03/2023 01:54:15.016,0.18331808561199178,96.071428571428569,4.6662785428506997,0.18331808561199178,0.11665696357126749,0,0,548864,548864,0
08/03/2023 01:55:15.029,0.23328147102942795,95,4.6656294205885596,0.23328147102942795,0.14996665994748939,0,0,548864,548864,0
08/03/2023 01:56:15.043,0.1999555887155034,95.759717314487631,4.7156193005406219,0.1999555887155034,0.14996669153662753,0,0,557056,557056,0
08/03/2023 01:57:15.056,0.14996623602603368,96.785714285714292,4.6656162319210477,0.14996623602603368,0.083314575570018701,0,0,565248,565248,0
08/03/2023 01:58:15.069,0.23328220512514602,95.035460992907801,4.6989701318065125,0.23328220512514602,0.16663014651796146,0,0,565248,565248,0
08/03/2023 01:59:15.082,0.13330388513306354,97.142857142857139,4.6656359796572247,0.13330388513306354,0.11664089949143061,0,0,565248,565248,0
08/03/2023 02:00:15.095,0.13330383207715665,97.142857142857139,4.6656341227004825,0.13330383207715665,0.083314895048222898,0,0,565248,565248,0
08/03/2023 02:01:15.109,0.1499657199585625,96.785714285714292,4.6656001764886108,0.1499657199585625,0.09997714663904167,0,0,565248,565248,0
08/03/2023 02:02:15.122,0.11664156449775852,97.5,4.6656625799103404,0.11664156449775852,0.04998924192761079,0,0,573440,573440,0
08/03/2023 02:03:15.135,0.16662969236197667,96.428571428571431,4.6656313861353462,0.16662969236197667,0.13330375388958132,0,0,573440,573440,0
08/03/2023 02:04:15.148,0.099977875686776282,97.857142857142847,4.6656341987162264,0.099977875686776282,0.066651917124517526,0,0,573440,573440,0
08/03/2023 02:05:15.161,0.18329243719713684,96.071428571428569,4.6656256741089379,0.18329243719713684,0.1666294883610335,0,0,573440,573440,0
08/03/2023 02:06:15.175,0.13330291849829656,97.163120567375884,4.6989278770649543,0.13330291849829656,0.083314324061435352,0,0,581632,581632,0
08/03/2023 02:07:15.188,0.16663098812867941,96.428571428571431,4.6656676676030235,0.16663098812867941,0.16663098812867941,0,0,581632,581632,0
08/03/2023 02:08:15.201,0.099977557236114845,97.872340425531917,4.6989451900973975,0.099977557236114845,0.016662926206019141,0,0,581632,581632,0
08/03/2023 02:09:15.214,0.13330403018378487,97.142857142857139,4.6656410564324702,0.13330403018378487,0.13330403018378487,0,0,581632,581632,0
08/03/2023 02:10:15.227,0.066651901843804887,98.571428571428584,4.6656331290663422,0.066651901843804887,0,0,0,581632,581632,0
08/03/2023 02:11:15.241,0.16662967490940497,96.428571428571431,4.6656308974633394,0.16662967490940497,0.16662967490940497,0,0,581632,581632,0
08/03/2023 02:12:15.254,0.066651706065142063,98.571428571428584,4.6656194245599449,0.066651706065142063,0.016662926516285516,0,0,581632,581632,0
08/03/2023 02:13:15.267,0.099978141432322795,97.857142857142847,4.6656466001750641,0.099978141432322795,0.099978141432322795,0,0,581632,581632,0
08/03/2023 02:14:15.280,0.11664067687414578,97.5,4.6656270749658315,0.11664067687414578,0.049988861517491052,0,0,589824,589824,0
08/03/2023 02:15:15.293,0.083314819032549448,98.214285714285708,4.6656298658227691,0.083314819032549448,0.066651855226039558,0,0,589824,589824,0
08/03/2023 02:16:15.307,0.099978062429887105,97.872340425531917,4.6989689342046939,0.099978062429887105,0.066652041619924732,0,0,589824,589824,0
08/03/2023 02:17:15.320,0.083314601457842655,98.214285714285708,4.6656176816391888,0.083314601457842655,0.066651681166274124,0,0,589824,589824,0
08/03/2023 02:18:15.333,0.14996711598423851,96.808510638297875,4.6989696341728067,0.14996711598423851,0.11664109020996327,0,0,589824,589824,0
08/03/2023 02:19:15.346,0.083314852580265789,98.214285714285708,4.6656317444948838,0.083314852580265789,0.083314852580265789,0,0,589824,589824,0
08/03/2023 02:20:15.359,0.049988435446414708,98.928571428571431,4.6655873083320394,0.049988435446414708,0,0,0,589824,589824,0
08/03/2023 02:21:15.373,0.16663151210351726,96.428571428571431,4.6656823388984829,0.16663151210351726,0.16663151210351726,0,0,589824,589824,0
08/03/2023 02:22:15.386,0.13330365429363608,97.142857142857139,4.6656279002772632,0.13330365429363608,0.099977740720227054,0,0,589824,589824,0
08/03/2023 02:23:15.399,0.049980883605394148,98.928571428571431,4.6648824698367868,0.049980883605394148,0,0,0,589824,589824,0
08/03/2023 02:24:15.412,0.099993748432379556,97.857142857142847,4.6663749268443793,0.099993748432379556,0.099993748432379556,0,0,589824,589824,0
08/03/2023 02:25:15.425,0.066651741745795232,98.571428571428584,4.6656219222056663,0.066651741745795232,0.033325870872897616,0,0,589824,589824,0
08/03/2023 02:26:15.439,0.099977922692453119,97.872340425531917,4.6989623665452962,0.099977922692453119,0.083314935577044266,0,0,589824,589824,0
08/03/2023 02:27:15.452,0.11664103957786497,97.5,4.6656415831145983,0.11664103957786497,0.11664103957786497,0,0,589824,589824,0
08/03/2023 02:28:15.465,0.11664089772677806,97.517730496453908,4.6989618798502022,0.11664089772677806,0.066651941558158886,0,0,598016,598016,0
08/03/2023 02:29:15.478,0.049988918994593103,98.928571428571431,4.6656324394953561,0.049988918994593103,0.0166629729981977,0,0,598016,598016,0
08/03/2023 02:30:15.491,0.099977727805343614,97.857142857142847,4.6656272975827022,0.099977727805343614,0.083314773171119683,0,0,598016,598016,0
08/03/2023 02:31:15.505,0.016662989054588077,99.642857142857139,4.6656369352846614,0.016662989054588077,0,0,0,598016,598016,0
08/03/2023 02:32:15.518,0.066651898430854783,98.571428571428584,4.6656328901598352,0.066651898430854783,0.066651898430854783,0,0,598016,598016,0
08/03/2023 02:33:15.531,0.066651857242780138,98.571428571428584,4.6656300069946095,0.066651857242780138,0.066651857242780138,0,0,598016,598016,0
08/03/2023 02:34:15.544,0.066651908514571978,98.571428571428584,4.6656335960200384,0.066651908514571978,0.066651908514571978,0,0,598016,598016,0
08/03/2023 02:35:15.557,0.083314909689012673,98.214285714285708,4.6656349425847097,0.083314909689012673,0.083314909689012673,0,0,598016,598016,0
08/03/2023 02:36:15.571,0.18329213259280541,96.126760563380287,4.7322696051233395,0.18329213259280541,0.16662921144800491,0,0,598016,598016,0
08/03/2023 02:37:15.584,0.033325993351133607,99.285714285714292,4.6656390691587051,0.033325993351133607,0.016662996675566803,0,0,598016,598016,0
08/03/2023 02:38:15.597,0.13330325404974941,97.163120567375884,4.6989397052536663,0.13330325404974941,0.083314533781093381,0,0,606208,606208,0
08/03/2023 02:39:15.610,0.09997822264556061,97.857142857142847,4.6656503901261619,0.09997822264556061,0.066652148430373745,0,0,614400,614400,0
08/03/2023 02:40:15.623,0.066651872756173278,98.571428571428584,4.6656310929321299,0.066651872756173278,0.049988904567129962,0,0,614400,614400,0
08/03/2023 02:41:15.637,0.049988884438505778,98.936170212765958,4.6989551372195431,0.049988884438505778,0.016662961479501925,0,0,614400,614400,0
08/03/2023 02:42:15.650,0,100,4.665635295515095,0,0,0,0,614400,614400,0
08/03/2023 02:43:15.663,0,100,4.665639927052637,0,0,0,0,614400,614400,0
08/03/2023 02:44:15.676,0,100,4.6656244850101416,0,0,0,0,614400,614400,0
08/03/2023 02:45:15.689,0,100,4.6656278568398122,0,0,0,0,614400,614400,0
08/03/2023 02:46:15.703,0.03332597826431051,99.290780141843967,4.6989629352677822,0.03332597826431051,0.03332597826431051,0,0,614400,614400,0
08/03/2023 02:47:15.716,0,100,4.6656333842619553,0,0,0,0,614400,614400,0
08/03/2023 02:48:15.729,0.13330346565125673,97.163120567375884,4.6989471642067997,0.13330346565125673,0.13330346565125673,0,0,614400,614400,0
08/03/2023 02:49:15.742,0.033325961277107033,99.285714285714292,4.6656345787949842,0.033325961277107033,0,0,0,614400,614400,0
08/03/2023 02:50:15.755,0.033326015108761146,99.285714285714292,4.6656421152265608,0.033326015108761146,0,0,0,614400,614400,0
08/03/2023 02:51:15.769,0.033325905739156225,99.285714285714292,4.6656268034818718,0.033325905739156225,0.033325905739156225,0,0,614400,614400,0
08/03/2023 02:52:15.782,0,100,4.6656349480144073,0,0,0,0,614400,614400,0
08/03/2023 02:53:15.795,0,100,4.6649197926959642,0,0,0,0,614400,614400,0
08/03/2023 02:54:15.808,0,100,4.6663438701898361,0,0,0,0,614400,614400,0
08/03/2023 02:55:15.821,0,100,4.6656336068794273,0,0,0,0,614400,614400,0
08/03/2023 02:56:15.835,0.033325962479397113,99.290780141843967,4.698960709594993,0.033325962479397113,0.033325962479397113,0,0,614400,614400,0
08/03/2023 02:57:15.848,0,100,4.6656313752759679,0,0,0,0,614400,614400,0
08/03/2023 02:58:15.861,0.066651873686977101,98.581560283687935,4.6989570949318855,0.066651873686977101,0.066651873686977101,0.016662968421744275,0,614400,614400,0
08/03/2023 02:59:15.874,0.033325926061680992,99.285714285714292,4.6656296486353392,0.033325926061680992,0,0,0,614400,614400,0
08/03/2023 03:00:15.887,0.033325943669384711,99.285714285714292,4.6656321137138592,0.033325943669384711,0.033325943669384711,0,0,614400,614400,0
08/03/2023 03:01:15.901,0,100,4.6656279762928037,0,0,0,0,614400,614400,0
08/03/2023 03:02:15.914,0,100,4.6655639069296448,0,0,0,0,614400,614400,0
08/03/2023 03:03:15.927,0,100,4.6657041559696069,0,0,0,0,614400,614400,0
08/03/2023 03:04:15.940,0,100,4.6656353389526846,0,0,0,0,614400,614400,0
08/03/2023 03:05:15.953,0,100,4.6656282803549942,0,0,0,0,614400,614400,0
08/03/2023 03:06:15.967,0.033325929009224813,99.290780141843967,4.698955990300699,0.033325929009224813,0.033325929009224813,0,0,614400,614400,0
08/03/2023 03:07:15.980,0.5165520577438677,95.776566757493185,12.230619689806415,0.89980035865060826,0.34992236169745877,0.033325939209281785,0,614400,614400,0
08/03/2023 03:08:15.993,0.33325686032527185,92.882562277580078,4.6822588875700699,0.33325686032527185,0.2832683312764811,0,0,614400,614400,0
08/03/2023 03:09:16.006,0.28327018460748843,93.906810035842298,4.6489636179699572,0.28327018460748843,0.13330361628587689,0,0,630784,630784,0
08/03/2023 03:10:16.019,0.26660877802230032,94.285714285714278,4.6656536153902559,0.26660877802230032,0.19995658351672524,0.04998914587918131,0,647168,647168,0
08/03/2023 03:11:16.033,0.033326098299951964,99.283154121863802,4.6489907128432986,0.033326098299951964,0,0,0,647168,647168,0
08/03/2023 03:12:16.046,0.033325952473243541,99.283154121863802,4.6489703700174738,0.033325952473243541,0.01666297623662177,0,0,647168,647168,0
08/03/2023 03:13:16.059,0.016662981239698556,99.641577060931894,4.6489717658758973,0.016662981239698556,0.016662981239698556,0,0,647168,647168,0
08/03/2023 03:14:16.072,0,100,4.6489638019197095,0,0,0,0,647168,647168,0
08/03/2023 03:15:16.085,0,100,4.6489722095209984,0,0,0,0,647168,647168,0
08/03/2023 03:16:16.099,0.016662874701960657,99.644128113879006,4.6822677912509452,0.016662874701960657,0.016662874701960657,0,0,647168,647168,0
08/03/2023 03:17:16.112,0,100,4.6484133162998775,0,0,0,0,647168,647168,0
08/03/2023 03:18:16.125,0.033329840820550627,99.288256227758012,4.6828426352873631,0.033329840820550627,0.033329840820550627,0,0,647168,647168,0
08/03/2023 03:19:16.138,0,100,4.6489281754524674,0,0,0,0,647168,647168,0
08/03/2023 03:20:16.151,0,100,4.6490444003632749,0,0,0,0,647168,647168,0
08/03/2023 03:21:16.165,0,100,4.6489702672217321,0,0,0,0,647168,647168,0
08/03/2023 03:22:16.178,0,100,4.6488801982573369,0,0,0,0,647168,647168,0
08/03/2023 03:23:16.191,0,100,4.6480653918141295,0,0,0,0,647168,647168,0
08/03/2023 03:24:16.204,0,100,4.6499643197613159,0,0,0,0,647168,647168,0
08/03/2023 03:25:16.217,0,100,4.6489612807273089,0,0,0,0,647168,647168,0
08/03/2023 03:26:16.231,0.016662201532859282,99.644128113879006,4.6820786307334581,0.016662201532859282,0.016662201532859282,0,0,647168,647168,0
08/03/2023 03:27:16.244,0,100,4.6491785082564077,0,0,0,0,647168,647168,0
08/03/2023 03:28:16.257,0,100,4.682277806570144,0,0,0,0,647168,647168,0
08/03/2023 03:29:16.270,0,100,4.6489720742633374,0,0,0,0,647168,647168,0
08/03/2023 03:30:16.283,0,100,4.648766572862475,0,0,0,0,647168,647168,0
08/03/2023 03:31:16.297,0,100,4.648869827133213,0,0,0,0,647168,647168,0
08/03/2023 03:32:16.310,0,100,4.6492822353535734,0,0,0,0,647168,647168,0
08/03/2023 03:33:16.323,0,100,4.6489873963013038,0,0,0,0,647168,647168,0
08/03/2023 03:34:16.336,0,100,4.6489681572048696,0,0,0,0,647168,647168,0
08/03/2023 03:35:16.349,0,100,4.6489642672044429,0,0,0,0,647168,647168,0
08/03/2023 03:36:16.363,0.033325970236109448,99.293286219081267,4.7156247884094871,0.033325970236109448,0.033325970236109448,0,0,647168,647168,0
08/03/2023 03:37:16.376,0,100,4.6489674917384098,0,0,0,0,647168,647168,0
08/03/2023 03:38:16.389,0,100,4.6822888463568377,0,0,0,0,647168,647168,0
08/03/2023 03:39:16.402,0,100,4.6489756288373005,0,0,0,0,647168,647168,0
08/03/2023 03:40:16.415,0,100,4.6489628226579587,0,0,0,0,647168,647168,0
08/03/2023 03:41:16.429,0.033325852179338505,99.288256227758012,4.6822822311970596,0.033325852179338505,0.033325852179338505,0,0,647168,647168,0
08/03/2023 03:42:16.442,0,100,4.6489947110951597,0,0,0,0,647168,647168,0
08/03/2023 03:43:16.455,0,100,4.6489633528659269,0,0,0,0,647168,647168,0
08/03/2023 03:44:16.468,0,100,4.6489707487386687,0,0,0,0,647168,647168,0
08/03/2023 03:45:16.481,0,100,4.6489552212202767,0,0,0,0,647168,647168,0
08/03/2023 03:46:16.495,0.39991075856985703,91.459074733096088,4.6822884649220766,0.39991075856985703,0.39991075856985703,0,0,466944,466944,0
08/03/2023 03:47:16.508,0.48322758236399466,90.06849315068493,4.865601863802981,0.54987966269006294,0.46656456228247761,0.016663020081517058,0,458752,458752,0
08/03/2023 03:48:16.521,0.46656375488411206,90.035587188612098,4.6823005400869819,0.46656375488411206,0.34992281616308402,0,0,475136,475136,0
08/03/2023 03:49:16.534,0.49988899796760916,89.247311827956992,4.6489676810987648,0.49988899796760916,0.49988899796760916,0.016662966598920304,0,466944,466944,0
08/03/2023 03:50:16.547,0.4998892836081355,89.247311827956992,4.6489703375556601,0.4998892836081355,0.36658547464596603,0,0,491520,491520,0
08/03/2023 03:51:16.561,0.33325942156827931,92.831541218637994,4.648968930877496,0.33325942156827931,0.21661862401938156,0,0,507904,507904,0
08/03/2023 03:52:16.574,0.24994457752038532,94.623655913978496,4.6489691418791672,0.24994457752038532,0.1832926901816159,0,0,507904,507904,0
08/03/2023 03:53:16.587,0.26656810677784865,94.26523297491039,4.6482813619387358,0.26656810677784865,0.18326557340977093,0,0,516096,516096,0
08/03/2023 03:54:16.600,0.23331626719676851,94.982078853046588,4.6496598962784583,0.23331626719676851,0.14998902891220833,0,0,516096,516096,0
08/03/2023 03:55:16.613,0.28327047207046457,93.906810035842298,4.6489683357446836,0.28327047207046457,0.19995562734385736,0,0,516096,516096,0
08/03/2023 03:56:16.627,0.24994450276519437,94.661921708185048,4.6822936851346411,0.24994450276519437,0.1999556022121555,0,0,524288,524288,0
08/03/2023 03:57:16.640,0.28327022350726067,93.906810035842298,4.6489642563838665,0.28327022350726067,0.24994431485934765,0,0,516096,516096,0
08/03/2023 03:58:16.653,0.34992243377660553,92.52669039145907,4.6822954233917216,0.34992243377660553,0.23328162251773701,0,0,524288,524288,0
08/03/2023 03:59:16.666,0.53321540773733289,88.530465949820794,4.6489718362098715,0.53321540773733289,0.46656348177016632,0,0,548864,548864,0
08/03/2023 04:00:16.679,0.11664092406082936,97.491039426523301,4.6489739732816275,0.11664092406082936,0,0,0,548864,548864,0
08/03/2023 04:01:16.693,0.19995543257333317,95.6989247311828,4.6489638073299968,0.19995543257333317,0.16662952714444432,0,0,548864,548864,0
08/03/2023 04:02:16.706,0.1499666541881452,96.774193548387103,4.6489662798325018,0.1499666541881452,0.11664073103522406,0,0,524288,524288,0
08/03/2023 04:03:16.719,0.33325863271364825,92.831541218637994,4.6489579263553926,0.33325863271364825,0.28326983780660103,0,0,540672,540672,0
08/03/2023 04:04:16.732,0.18329230259943979,96.057347670250891,4.6489593113857905,0.18329230259943979,0.083314682999745357,0,0,548864,548864,0
08/03/2023 04:05:16.745,0.14996732018069678,96.774193548387103,4.6489869256015997,0.14996732018069678,0.11664124902943082,0,0,548864,548864,0
08/03/2023 04:06:16.759,0.14996696327357545,96.797153024911026,4.6823018533194114,0.14996696327357545,0.099977975515716966,0,0,557056,557056,0
08/03/2023 04:07:16.772,0.13330379500010056,97.132616487455195,4.6489698506285073,0.13330379500010056,0.11664082062508799,0,0,557056,557056,0
08/03/2023 04:08:16.785,0.23328172052371918,95.017793594306056,4.6822973905117919,0.23328172052371918,0.16662980037408515,0,0,557056,557056,0
08/03/2023 04:09:16.798,0.14996638123064285,96.774193548387103,4.6489578181499276,0.14996638123064285,0.099977587487095218,0,0,565248,565248,0
08/03/2023 04:10:16.811,0.099977990175927844,97.849462365591393,4.6489765431806447,0.099977990175927844,0.083314991813273204,0,0,565248,565248,0
08/03/2023 04:11:16.825,0.099977858466885922,97.849462365591393,4.6489704187101957,0.099977858466885922,0.049988929233442961,0,0,573440,573440,0
08/03/2023 04:12:16.838,0.083314850931966958,98.207885304659499,4.6489686820037557,0.083314850931966958,0.049988910559180172,0,0,581632,581632,0
08/03/2023 04:13:16.851,0.083314325806670864,98.207885304659499,4.6489393800122345,0.083314325806670864,0.049988595484002515,0,0,589824,589824,0
08/03/2023 04:14:16.864,0.14996763659904211,96.774193548387103,4.6489967345703054,0.14996763659904211,0.13330456586581521,0,0,589824,589824,0
08/03/2023 04:15:16.877,0.033325909035747302,99.283154121863802,4.6489643104867486,0.033325909035747302,0,0,0,589824,589824,0
08/03/2023 04:16:16.891,0.066652002991393483,98.576512455516024,4.6823032101453919,0.066652002991393483,0.066652002991393483,0,0,589824,589824,0
08/03/2023 04:17:16.904,0.066651293878801157,98.56630824372759,4.6489277480463809,0.066651293878801157,0.066651293878801157,0,0,589824,589824,0
08/03/2023 04:18:16.917,0.099978489323768044,97.864768683274022,4.682325916663137,0.099978489323768044,0.049989244661884022,0,0,598016,598016,0
08/03/2023 04:19:16.930,0.049988888859820689,98.924731182795696,4.648966663963324,0.049988888859820689,0.016662962953273561,0,0,598016,598016,0
08/03/2023 04:20:16.943,0.049988990782981101,98.924731182795696,4.6489761428172427,0.049988990782981101,0.049988990782981101,0,0,598016,598016,0
08/03/2023 04:21:16.957,0.01666298474961081,99.641577060931894,4.6489727451414158,0.01666298474961081,0.01666298474961081,0,0,598016,598016,0
08/03/2023 04:22:16.970,0,100,4.6489424638455015,0,0,0,0,598016,598016,0
08/03/2023 04:23:16.983,0,100,4.6482469899121774,0,0,0,0,598016,598016,0
08/03/2023 04:24:16.996,0,100,4.6497195037901884,0,0,0,0,598016,598016,0
08/03/2023 04:25:17.009,0,100,4.6489614105740609,0,0,0,0,598016,598016,0
08/03/2023 04:26:17.023,0.53321595691302037,92.935982339955842,7.5483383900499446,0.79982393536953056,0.49988995960595661,0.016662998653531887,0,614400,614400,0
08/03/2023 04:27:17.036,0.44990036362456431,90.721649484536087,4.8489261412869711,0.44990036362456431,0.21661869359701244,0,0,614400,614400,0
08/03/2023 04:28:17.049,0.39991136778041925,91.397849462365585,4.6489696504473743,0.39991136778041925,0.33325947315034937,0,0,630784,630784,0
08/03/2023 04:29:17.062,0.38324836825429748,91.756272401433691,4.648969336649956,0.38324836825429748,0.24994458799193311,0.033325945065591084,0,647168,647168,0
08/03/2023 04:30:17.075,0.083314418110342348,98.207885304659499,4.6489445305571033,0.083314418110342348,0.049988650866205415,0,0,647168,647168,0
08/03/2023 04:31:17.089,0.033326098687790656,99.283154121863802,4.6489907669467962,0.033326098687790656,0.033326098687790656,0,0,647168,647168,0
08/03/2023 04:32:17.102,0,100,4.6489613023684333,0,0,0,0,647168,647168,0
08/03/2023 04:33:17.115,0,100,4.6489621842444429,0,0,0,0,647168,647168,0
08/03/2023 04:34:17.128,0,100,4.6489773114457442,0,0,0,0,647168,647168,0
08/03/2023 04:35:17.141,0,100,5.7154021262256069,0.01666297995984142,0.01666297995984142,0,0,647168,647168,0
08/03/2023 04:36:17.155,0.049988780945055315,98.939929328621915,4.715608335816885,0.033325853963370212,0.033325853963370212,0,0,647168,647168,0
08/03/2023 04:37:17.168,0.033326034927230921,99.288256227758012,4.6823079072759448,0.033326034927230921,0.033326034927230921,0,0,647168,647168,0
08/03/2023 04:38:17.181,0,100,4.6489736865351761,0,0,0,0,647168,647168,0
08/03/2023 04:39:17.194,0,100,4.6489656468283274,0,0,0,0,647168,647168,0
08/03/2023 04:40:17.207,0,100,4.6489678866900253,0,0,0,0,647168,647168,0
08/03/2023 04:41:17.221,0.033325950301366036,99.288256227758012,4.6822960173419288,0.033325950301366036,0.033325950301366036,0,0,647168,647168,0
08/03/2023 04:42:17.234,0,100,4.648973313223812,0,0,0,0,647168,647168,0
08/03/2023 04:43:17.247,0,100,4.6489703267350562,0,0,0,0,647168,647168,0
08/03/2023 04:44:17.260,0,100,4.6489542095005527,0,0,0,0,647168,647168,0
08/03/2023 04:45:17.273,0,100,4.6489595332071421,0,0,0,0,647168,647168,0
08/03/2023 04:46:17.302,0,100,4.6810168345231817,0,0,0,0,647168,647168,0
08/03/2023 04:47:17.315,0,100,4.6823774117418839,0,0,0,0,647168,647168,0
08/03/2023 04:48:17.329,0,100,4.6489475278332151,0,0,0,0,647168,647168,0
08/03/2023 04:49:17.342,0,100,4.64899038822234,0,0,0,0,647168,647168,0
08/03/2023 04:50:17.355,0,100,4.6489677784840966,0,0,0,0,647168,647168,0
08/03/2023 04:51:17.368,0,100,4.6489748227005672,0,0,0,0,647168,647168,0
08/03/2023 04:52:17.381,0,100,4.648961718960126,0,0,0,0,647168,647168,0
08/03/2023 04:53:17.395,0,100,4.648190113572964,0,0,0,0,647168,647168,0
08/03/2023 04:54:17.408,0,100,4.6497422128465864,0,0,0,0,647168,647168,0
08/03/2023 04:55:17.421,0,100,4.6489725936528004,0,0,0,0,647168,647168,0
08/03/2023 04:56:17.434,0,100,4.6822642439419608,0,0,0,0,647168,647168,0
08/03/2023 04:57:17.447,0,100,4.682308359552354,0,0,0,0,647168,647168,0
08/03/2023 04:58:17.461,0,100,4.6489935640993343,0,0,0,0,647168,647168,0
08/03/2023 04:59:17.474,0,100,4.6483589672444205,0,0,0,0,647168,647168,0
08/03/2023 05:00:17.487,0,100,4.6495691403636323,0,0,0,0,647168,647168,0
08/03/2023 05:01:17.500,0,100,4.648980038247867,0,0,0,0,647168,647168,0
08/03/2023 05:02:17.513,0,100,4.648960382620805,0,0,0,0,647168,647168,0
08/03/2023 05:03:17.527,0,100,4.6489645593600208,0,0,0,0,647168,647168,0
08/03/2023 05:04:17.540,0,100,4.6489700886817698,0,0,0,0,647168,647168,0
08/03/2023 05:05:17.553,0,100,4.6489572554815908,0,0,0,0,647168,647168,0
08/03/2023 05:06:17.566,0,100,4.6823177974366326,0,0,0,0,647168,647168,0
08/03/2023 05:07:17.579,0,100,4.6822969000938919,0,0,0,0,647168,647168,0
08/03/2023 05:08:17.593,0,100,4.6489685467462998,0,0,0,0,647168,647168,0
08/03/2023 05:09:17.606,0,100,4.6489684710021271,0,0,0,0,647168,647168,0
08/03/2023 05:10:17.619,0,100,4.6489561463761326,0,0,0,0,647168,647168,0
08/03/2023 05:11:17.632,0,100,4.6489822077891434,0,0,0,0,647168,647168,0
08/03/2023 05:12:17.645,0,100,4.6489695584722641,0,0,0,0,647168,647168,0
08/03/2023 05:13:17.659,0,100,4.6489670967868619,0,0,0,0,647168,647168,0
08/03/2023 05:14:17.672,0,100,4.6489706946356373,0,0,0,0,647168,647168,0
08/03/2023 05:15:17.685,0,100,4.6489704728132208,0,0,0,0,647168,647168,0
08/03/2023 05:16:17.698,0,100,4.682277970041433,0,0,0,0,647168,647168,0
08/03/2023 05:17:17.711,0,100,4.6823106263848286,0,0,0,0,647168,647168,0
08/03/2023 05:18:17.725,0,100,4.648964829874477,0,0,0,0,647168,647168,0
08/03/2023 05:19:17.738,0,100,4.6488972292908173,0,0,0,0,647168,647168,0
08/03/2023 05:20:17.751,0,100,4.6490456231308679,0,0,0,0,647168,647168,0
08/03/2023 05:21:17.764,0,100,4.6489713438721001,0,0,0,0,647168,647168,0
08/03/2023 05:22:17.777,0,100,4.6489662203192808,0,0,0,0,647168,647168,0
08/03/2023 05:23:17.791,0,100,4.6482985724819663,0,0,0,0,647168,647168,0
08/03/2023 05:24:17.804,0,100,4.6496330209018861,0,0,0,0,647168,647168,0
08/03/2023 05:25:17.817,0,100,4.6489675566619582,0,0,0,0,647168,647168,0
08/03/2023 05:26:17.830,0,100,4.6822981697315571,0,0,0,0,647168,647168,0
08/03/2023 05:27:17.843,0,100,4.6822852063819287,0,0,0,0,647168,647168,0
08/03/2023 05:28:17.857,0,100,4.6489834197033559,0,0,0,0,647168,647168,0
08/03/2023 05:29:17.870,0,100,4.6489679678444755,0,0,0,0,647168,647168,0
08/03/2023 05:30:17.883,0,100,4.6489707595592753,0,0,0,0,647168,647168,0
08/03/2023 05:31:17.896,0,100,4.648968416899149,0,0,0,0,647168,647168,0
08/03/2023 05:32:17.909,0,100,4.6489631364544968,0,0,0,0,647168,647168,0
08/03/2023 05:33:17.923,0,100,4.6489652843388356,0,0,0,0,647168,647168,0
08/03/2023 05:34:17.936,0,100,4.6489805414081324,0,0,0,0,647168,647168,0
08/03/2023 05:35:17.949,0.016662952947144954,99.642857142857139,4.6656268252005875,0.016662952947144954,0.016662952947144954,0,0,647168,647168,0
08/03/2023 05:36:17.962,0.016662879860108792,99.645390070921991,4.6989321205506798,0.016662879860108792,0.016662879860108792,0,0,647168,647168,0
08/03/2023 05:37:17.975,0,100,4.6823167021605823,0,0,0,0,647168,647168,0
08/03/2023 05:38:17.989,0,100,4.6489744764405794,0,0,0,0,647168,647168,0
08/03/2023 05:39:18.002,0,100,4.6489706838150306,0,0,0,0,647168,647168,0
08/03/2023 05:40:18.015,0.033325948013138269,99.290780141843967,4.6989586698524954,0.033325948013138269,0.033325948013138269,0,0,647168,647168,0
08/03/2023 05:41:18.028,0,100,4.6489368588463229,0,0,0,0,647168,647168,0
08/03/2023 05:42:18.041,0,100,4.6489990772589707,0,0,0,0,647168,647168,0
08/03/2023 05:43:18.055,0,100,4.6484206563324237,0,0,0,0,647168,647168,0
08/03/2023 05:44:18.068,0,100,4.6495205005480367,0,0,0,0,647168,647168,0
08/03/2023 05:45:18.081,0,100,4.648962535912883,0,0,0,0,647168,647168,0
08/03/2023 05:46:18.094,0.016662984226032646,99.644128113879006,4.6822985675151729,0.016662984226032646,0.016662984226032646,0,0,647168,647168,0
08/03/2023 05:47:18.107,0.033325909772632452,99.288256227758012,4.6822903230548594,0.033325909772632452,0.033325909772632452,0,0,647168,647168,0
08/03/2023 05:48:18.121,0,100,4.6489737406382776,0,0,0,0,647168,647168,0
08/03/2023 05:49:18.134,0,100,4.6489611238291593,0,0,0,0,647168,647168,0
08/03/2023 05:50:18.147,0,100,4.6489653979549388,0,0,0,0,647168,647168,0
08/03/2023 05:51:18.160,0,100,4.6489607451095329,0,0,0,0,647168,647168,0
08/03/2023 05:52:18.173,0,100,4.6489796432941866,0,0,0,0,647168,647168,0
08/03/2023 05:53:18.187,0,100,4.6482989781374133,0,0,0,0,647168,647168,0
08/03/2023 05:54:18.231,0,100,4.6472329112799535,0,0,0,0,647168,647168,0
08/03/2023 05:55:18.244,0,100,4.6489601066965873,0,0,0,0,647168,647168,0
08/03/2023 05:56:18.257,0,100,4.6823032482891049,0,0,0,0,647168,647168,0
08/03/2023 05:57:18.271,0,100,4.6822960118928432,0,0,0,0,647168,647168,0
08/03/2023 05:58:18.284,0,100,4.6489513528825306,0,0,0,0,647168,647168,0
08/03/2023 05:59:18.297,0,100,4.6489822564821131,0,0,0,0,647168,647168,0
08/03/2023 06:00:18.310,0,100,4.6489741247703327,0,0,0,0,647168,647168,0
08/03/2023 06:01:18.323,0,100,4.6489675242001836,0,0,0,0,647168,647168,0
08/03/2023 06:02:18.337,0,100,4.648969315008757,0,0,0,0,647168,647168,0
08/03/2023 06:03:18.350,0,100,4.6489709705611117,0,0,0,0,647168,647168,0
08/03/2023 06:04:18.363,0,100,4.6489699426036282,0,0,0,0,647168,647168,0
08/03/2023 06:05:18.376,0,100,4.648967816356171,0,0,0,0,647168,647168,0
08/03/2023 06:06:18.389,0,100,4.682298022606127,0,0,0,0,647168,647168,0
08/03/2023 06:07:18.403,0,100,4.6822941973481926,0,0,0,0,647168,647168,0
08/03/2023 06:08:18.416,0,100,4.6489663393457237,0,0,0,0,647168,647168,0
08/03/2023 06:09:18.429,0,100,4.648972106725175,0,0,0,0,647168,647168,0
08/03/2023 06:10:18.442,0.7165072644033732,90.507726269315668,7.5483207156913501,0.99977757823726499,0.49988878911863249,0.016662959637287748,0,655360,655360,0
08/03/2023 06:11:18.455,0.24994442335603273,94.623655913978496,4.6489662744222091,0.24994442335603273,0.21661850024189502,0,0,671744,671744,0
08/03/2023 06:12:18.469,0.24994484163635966,94.623655913978496,4.6489740544362892,0.24994484163635966,0.18329288386666373,0.083314947212119878,0,688128,688128,0
08/03/2023 06:13:18.482,0.033325951193387125,99.283154121863802,4.6489701914775035,0.033325951193387125,0,0,0,688128,688128,0
08/03/2023 06:14:18.495,0.033325897478289693,99.283154121863802,4.6489626982214123,0.033325897478289693,0.033325897478289693,0,0,688128,688128,0
08/03/2023 06:15:18.508,0,100,4.6489723555992821,0,0,0,0,688128,688128,0
08/03/2023 06:16:18.521,0.016662983023742171,99.644128113879006,4.6822982296715496,0.016662983023742171,0.016662983023742171,0,0,688128,688128,0
08/03/2023 06:17:18.535,0.033325942622230001,99.288256227758012,4.6822949384233157,0.033325942622230001,0.033325942622230001,0,0,688128,688128,0
08/03/2023 06:18:18.548,0,100,4.6489634015585022,0,0,0,0,688128,688128,0
08/03/2023 06:19:18.561,0,100,4.648953663063879,0,0,0,0,688128,688128,0
08/03/2023 06:20:18.574,0,100,4.6489878615907596,0,0,0,0,688128,688128,0
08/03/2023 06:21:18.587,0,100,4.6489697911151957,0,0,0,0,688128,688128,0
08/03/2023 06:22:18.601,0,100,4.648968838902416,0,0,0,0,688128,688128,0
08/03/2023 06:23:18.614,0,100,4.6482171507538812,0,0,0,0,688128,688128,0
08/03/2023 06:24:18.627,0,100,4.649714827787049,0,0,0,0,688128,688128,0
08/03/2023 06:25:18.640,0,100,4.6489611238291593,0,0,0,0,688128,688128,0
08/03/2023 06:26:18.653,0,100,4.6823104520130228,0,0,0,0,688128,688128,0
08/03/2023 06:27:18.667,0,100,4.6822911731102312,0,0,0,0,688128,688128,0
08/03/2023 06:28:18.680,0,100,4.6489717875171204,0,0,0,0,688128,688128,0
08/03/2023 06:29:18.693,0,100,4.6489679299723985,0,0,0,0,688128,688128,0
08/03/2023 06:30:18.706,0,100,4.6489640291517764,0,0,0,0,688128,688128,0
08/03/2023 06:31:18.719,0,100,4.6489764620258951,0,0,0,0,688128,688128,0
08/03/2023 06:32:18.733,0,100,4.6489631959676379,0,0,0,0,688128,688128,0
08/03/2023 06:33:18.746,0,100,4.648976954364751,0,0,0,0,688128,688128,0
08/03/2023 06:34:18.759,0,100,4.6489581914588038,0,0,0,0,688128,688128,0
08/03/2023 06:35:18.772,0.016662991536738142,99.642857142857139,4.66563763028668,0.016662991536738142,0.016662991536738142,0.016662991536738142,0,688128,688128,0
08/03/2023 06:36:18.785,0.016662979513830646,99.645390070921991,4.6989602229002418,0.016662979513830646,0.016662979513830646,0,0,688128,688128,0
08/03/2023 06:37:18.799,0,100,4.6822916689760072,0,0,0,0,688128,688128,0
08/03/2023 06:38:18.812,0,100,4.6489709543302009,0,0,0,0,688128,688128,0
08/03/2023 06:39:18.825,0,100,4.6489716143873459,0,0,0,0,688128,688128,0
08/03/2023 06:40:18.838,0.033325930599347353,99.288256227758012,4.6822932492083034,0.033325930599347353,0.033325930599347353,0,0,688128,688128,0
08/03/2023 06:41:18.851,0,100,4.6489717496449812,0,0,0,0,688128,688128,0
08/03/2023 06:42:18.865,0,100,4.6489589272561833,0,0,0,0,688128,688128,0
08/03/2023 06:43:18.878,0,100,4.6489803358157529,0,0,0,0,688128,688128,0
08/03/2023 06:44:18.891,0,100,4.6489573907383903,0,0,0,0,688128,688128,0
08/03/2023 06:45:18.904,0,100,4.6489786045122257,0,0,0,0,688128,688128,0
08/03/2023 06:46:18.917,0,100,4.665634084692611,0,0,0,0,688128,688128,0
08/03/2023 06:47:18.931,0,100,4.682290933350993,0,0,0,0,688128,688128,0
08/03/2023 06:48:18.944,0,100,4.648960241953553,0,0,0,0,688128,688128,0
08/03/2023 06:49:18.957,0,100,4.6489422312053055,0,0,0,0,688128,688128,0
08/03/2023 06:50:18.970,0,100,4.6490047202808542,0,0,0,0,688128,688128,0
08/03/2023 06:51:18.983,0,100,4.6489696450370737,0,0,0,0,688128,688128,0
08/03/2023 06:52:18.997,0,100,4.6489679894856621,0,0,0,0,688128,688128,0
08/03/2023 06:53:19.010,0,100,4.6648788059757349,0,0,0,0,688128,688128,0
08/03/2023 06:54:19.023,0,100,4.6497235357680387,0,0,0,0,688128,688128,0
08/03/2023 06:55:19.036,0,100,4.6489649218493998,0,0,0,0,688128,688128,0
08/03/2023 06:56:19.049,0,100,4.6822982950606349,0,0,0,0,688128,688128,0
08/03/2023 06:57:19.063,0,100,4.6822828360420292,0,0,0,0,688128,688128,0
08/03/2023 06:58:19.076,0,100,4.6489727343208003,0,0,0,0,688128,688128,0
08/03/2023 06:59:19.089,0,100,4.6489758668911536,0,0,0,0,688128,688128,0
08/03/2023 07:00:19.102,0,100,4.6489450715813865,0,0,0,0,688128,688128,0
08/03/2023 07:01:19.115,0,100,4.6489958959640818,0,0,0,0,688128,688128,0
08/03/2023 07:02:19.129,0,100,4.6489626441185683,0,0,0,0,688128,688128,0
08/03/2023 07:03:19.142,0,100,4.648974563005571,0,0,0,0,688128,688128,0
08/03/2023 07:04:19.155,0,100,4.6489656360077447,0,0,0,0,688128,688128,0
08/03/2023 07:05:19.168,0,100,4.6489683898476599,0,0,0,0,688128,688128,0
08/03/2023 07:06:19.181,0,100,4.6822901977262088,0,0,0,0,688128,688128,0
08/03/2023 07:07:19.195,0,100,4.6822636227547649,0,0,0,0,688128,688128,0
08/03/2023 07:08:19.208,0,100,4.6489980384683243,0,0,0,0,688128,688128,0
08/03/2023 07:09:19.221,0,100,4.6489702888629409,0,0,0,0,688128,688128,0
08/03/2023 07:10:19.234,0,100,4.648975850660209,0,0,0,0,688128,688128,0
08/03/2023 07:11:19.247,0,100,4.6489679570238813,0,0,0,0,688128,688128,0
08/03/2023 07:12:19.261,0,100,4.6489641211266681,0,0,0,0,688128,688128,0
08/03/2023 07:13:19.274,0,100,4.6489738488444843,0,0,0,0,688128,688128,0
08/03/2023 07:14:19.287,0,100,4.6489712627175317,0,0,0,0,688128,688128,0
08/03/2023 07:15:19.300,0,100,4.6489689254671971,0,0,0,0,688128,688128,0
08/03/2023 07:16:19.313,0,100,4.6822889062965922,0,0,0,0,688128,688128,0
08/03/2023 07:17:19.327,0,100,4.6822370044933956,0,0,0,0,688128,688128,0
08/03/2023 07:18:19.340,0,100,4.6490219740540244,0,0,0,0,688128,688128,0
08/03/2023 07:19:19.353,0,100,4.6489745305436996,0,0,0,0,688128,688128,0
08/03/2023 07:20:19.366,0,100,4.6489733673269047,0,0,0,0,688128,688128,0
08/03/2023 07:21:19.379,0,100,4.6489744115168374,0,0,0,0,688128,688128,0
08/03/2023 07:22:19.393,0,100,4.6489618974994462,0,0,0,0,688128,688128,0
08/03/2023 07:23:19.406,0,100,4.6481809786573409,0,0,0,0,688128,688128,0
08/03/2023 07:24:19.419,0,100,4.6497549475503579,0,0,0,0,688128,688128,0
08/03/2023 07:25:19.432,0,100,4.6489637045345447,0,0,0,0,688128,688128,0
08/03/2023 07:26:19.445,0,100,4.6823105609954006,0,0,0,0,688128,688128,0
08/03/2023 07:27:19.459,0,100,4.6822921212492803,0,0,0,0,688128,688128,0
08/03/2023 07:28:19.472,0,100,4.6489580778430524,0,0,0,0,688128,688128,0
08/03/2023 07:29:19.485,0,100,4.6489765594115946,0,0,0,0,688128,688128,0
08/03/2023 07:30:19.498,0,100,4.6489567144544717,0,0,0,0,688128,688128,0
08/03/2023 07:31:19.511,0,100,4.6489831004937479,0,0,0,0,688128,688128,0
08/03/2023 07:32:19.525,0,100,4.6489434160474774,0,0,0,0,688128,688128,0
08/03/2023 07:33:19.538,0,100,4.6489420418470235,0,0,0,0,688128,688128,0
08/03/2023 07:34:19.551,0,100,4.6490223852461678,0,0,0,0,688128,688128,0
08/03/2023 07:35:19.564,0,100,4.665630843166455,0,0,0,0,688128,688128,0
08/03/2023 07:36:19.577,0,100,4.6989623282659032,0,0,0,0,688128,688128,0
08/03/2023 07:37:19.591,0,100,4.6822926661569531,0,0,0,0,688128,688128,0
08/03/2023 07:38:19.615,0,100,4.6489508389080703,0,0,0,0,688128,688128,0
08/03/2023 07:39:19.650,0,100,4.648985621709814,0,0,0,0,688128,688128,0
08/03/2023 07:40:19.685,0,100,4.6822948239925823,0,0,0,0,688128,688128,0
08/03/2023 07:41:19.720,0,100,4.6489706243016986,0,0,0,0,688128,688128,0
08/03/2023 07:42:19.754,0,100,4.6489695963443678,0,0,0,0,688128,688128,0
08/03/2023 07:43:19.782,0,100,4.6489664313207051,0,0,0,0,688128,688128,0
08/03/2023 07:44:19.803,0,100,4.6489726207043383,0,0,0,0,688128,688128,0
08/03/2023 07:45:19.823,0,100,4.6489585539471898,0,0,0,0,688128,688128,0
08/03/2023 07:46:19.922,0,100,4.676224236968233,0,0,0,0,688128,688128,0
08/03/2023 07:47:19.943,0,100,4.6822587676921001,0,0,0,0,688128,688128,0
08/03/2023 07:48:19.962,0.56654539392265635,96.041909196740392,14.313602746457699,1.2330693867728402,0.39991439571011034,0,0,696320,696320,0
08/03/2023 07:49:19.978,0.21661730230497631,95.357142857142861,4.665603434261028,0.21661730230497631,0.21661730230497631,0,0,688128,688128,0
08/03/2023 07:50:19.994,0.21661993995171142,95.357142857142861,4.6656602451137843,0.21661993995171142,0.066652289215911209,0.033326144607955605,0,696320,696320,0
08/03/2023 07:51:20.011,0.13330382199343641,97.142857142857139,4.6656337697702748,0.13330382199343641,0.099977866495077311,0.016662977749179551,0,704512,704512,0
08/03/2023 07:52:20.027,0.016662955914077182,99.642857142857139,4.665627655941611,0.016662955914077182,0,0,0,704512,704512,0
08/03/2023 07:53:20.042,0.016658971306863838,99.642857142857139,4.6645119659218741,0.016658971306863838,0.016658971306863838,0,0,704512,704512,0
08/03/2023 07:54:20.071,0,100,4.6655438774702889,0,0,0,0,704512,704512,0
08/03/2023 07:55:20.085,0,100,4.6656118393348756,0,0,0,0,704512,704512,0
08/03/2023 07:56:20.099,0.01666305593715578,99.645390070921991,4.6989817742779296,0.01666305593715578,0.01666305593715578,0,0,704512,704512,0
08/03/2023 07:57:20.113,0.033325809905599593,99.290780141843967,4.6989391966895422,0.033325809905599593,0.033325809905599593,0,0,704512,704512,0
08/03/2023 07:58:20.127,0,100,4.6656492390228843,0,0,0,0,704512,704512,0
08/03/2023 07:59:20.141,0,100,4.6656097489228534,0,0,0,0,704512,704512,0
08/03/2023 08:00:20.154,0,100,4.6656512045863705,0,0,0,0,704512,704512,0
08/03/2023 08:01:20.168,0,100,4.6822987745806444,0,0,0,0,704512,704512,0
08/03/2023 08:02:20.181,0,100,4.665622617203212,0,0,0,0,704512,704512,0
08/03/2023 08:03:20.195,0,100,4.6656366692292561,0,0,0,0,704512,704512,0
08/03/2023 08:04:20.209,0,100,4.6653999842443605,0,0,0,0,704512,704512,0
08/03/2023 08:05:20.222,0,100,4.6658547471073959,0,0,0,0,704512,704512,0
08/03/2023 08:06:20.236,0,100,4.6989743425574817,0,0,0,0,704512,704512,0
08/03/2023 08:07:20.249,0,100,4.698956788697445,0,0,0,0,704512,704512,0
08/03/2023 08:08:20.263,0,100,4.6656270695361517,0,0,0,0,704512,704512,0
08/03/2023 08:09:20.276,0,100,4.6656343670368114,0,0,0,0,704512,704512,0
08/03/2023 08:10:20.289,0,100,4.665633628598207,0,0,0,0,704512,704512,0
08/03/2023 08:11:20.302,0,100,4.6656362131343467,0,0,0,0,704512,704512,0
08/03/2023 08:12:20.315,0,100,4.6656171766810823,0,0,0,0,704512,704512,0
08/03/2023 08:13:20.329,0,100,4.6655946654339626,0,0,0,0,704512,704512,0
08/03/2023 08:14:20.342,0,100,4.6656714412989997,0,0,0,0,704512,704512,0
08/03/2023 08:15:20.355,0,100,4.6656240234879416,0,0,0,0,704512,704512,0
08/03/2023 08:16:20.368,0,100,4.698970941145074,0,0,0,0,704512,704512,0
08/03/2023 08:17:20.381,0,100,4.6989603705492007,0,0,0,0,704512,704512,0
08/03/2023 08:18:20.395,0,100,4.6656286061359564,0,0,0,0,704512,704512,0
08/03/2023 08:19:20.408,0,100,4.6656349100065233,0,0,0,0,704512,704512,0
08/03/2023 08:20:20.421,0,100,4.6656329118786077,0,0,0,0,704512,704512,0
08/03/2023 08:21:20.434,0,100,4.6656346873889261,0,0,0,0,704512,704512,0
08/03/2023 08:22:20.447,0,100,4.6656098683749185,0,0,0,0,704512,704512,0
08/03/2023 08:23:20.461,0,100,4.6649924154856448,0,0,0,0,704512,704512,0
08/03/2023 08:24:20.474,0,100,4.6662827520313375,0,0,0,0,704512,704512,0
08/03/2023 08:25:20.487,0,100,4.6656273247311022,0,0,0,0,704512,704512,0
08/03/2023 08:26:20.500,0,100,4.6989757753082335,0,0,0,0,704512,704512,0
08/03/2023 08:27:20.513,0,100,4.6989388467099946,0,0,0,0,704512,704512,0
08/03/2023 08:28:20.527,0,100,4.665644249105342,0,0,0,0,704512,704512,0
08/03/2023 08:29:20.540,0,100,4.6656222425560721,0,0,0,0,704512,704512,0
08/03/2023 08:30:20.553,0,100,4.6656436246876849,0,0,0,0,704512,704512,0
08/03/2023 08:31:20.566,0,100,4.6656290513700105,0,0,0,0,704512,704512,0
08/03/2023 08:32:20.579,0,100,4.6656349588738033,0,0,0,0,704512,704512,0
08/03/2023 08:33:20.593,0,100,4.6656112963705336,0,0,0,0,704512,704512,0
08/03/2023 08:34:20.606,0,100,4.66565101454563,0,0,0,0,704512,704512,0
08/03/2023 08:35:20.619,0.01666289948437074,99.644128113879006,4.6822747551081783,0.01666289948437074,0.01666289948437074,0,0,704512,704512,0
08/03/2023 08:36:20.632,0.016663065924016104,99.646643109540634,4.7156476564965573,0.016663065924016104,0.016663065924016104,0,0,704512,704512,0
08/03/2023 08:37:20.645,0,100,4.6989515006911704,0,0,0,0,704512,704512,0
08/03/2023 08:38:20.659,0,100,4.665630946330535,0,0,0,0,704512,704512,0
08/03/2023 08:39:20.672,0,100,4.6656306096898712,0,0,0,0,704512,704512,0
08/03/2023 08:40:20.685,0.033325885339089499,99.290780141843967,4.6989498328116186,0.033325885339089499,0.033325885339089499,0,0,704512,704512,0
08/03/2023 08:41:20.698,0,100,4.6656423161260063,0,0,0,0,704512,704512,0
08/03/2023 08:42:20.711,0,100,4.6656298006665375,0,0,0,0,704512,704512,0
08/03/2023 08:43:20.725,0,100,4.6656364629005953,0,0,0,0,704512,704512,0
08/03/2023 08:44:20.738,0,100,4.6656335851606485,0,0,0,0,704512,704512,0
08/03/2023 08:45:20.751,0,100,4.6656323417609018,0,0,0,0,704512,704512,0
08/03/2023 08:46:20.764,0,100,4.6989445448209999,0,0,0,0,704512,704512,0
08/03/2023 08:47:20.793,0,100,4.697747484974812,0,0,0,0,704512,704512,0
08/03/2023 08:48:20.806,0,100,4.6656316793386008,0,0,0,0,704512,704512,0
08/03/2023 08:49:20.819,0,100,4.6656331453554225,0,0,0,0,704512,704512,0
08/03/2023 08:50:20.833,0,100,4.6656320648466387,0,0,0,0,704512,704512,0
08/03/2023 08:51:20.846,0,100,4.6656341769974423,0,0,0,0,704512,704512,0
08/03/2023 08:52:20.859,0,100,4.6656278079726805,0,0,0,0,704512,704512,0
08/03/2023 08:53:20.872,0,100,4.664858304743869,0,0,0,0,704512,704512,0
08/03/2023 08:54:20.885,0,100,4.6664055656874259,0,0,0,0,704512,704512,0
08/03/2023 08:55:20.899,0,100,4.6656278242617244,0,0,0,0,704512,704512,0
08/03/2023 08:56:20.912,0,100,4.6989687209332009,0,0,0,0,704512,704512,0
08/03/2023 08:57:20.925,0,100,4.6989488594267224,0,0,0,0,704512,704512,0
08/03/2023 08:58:20.969,0,100,4.6632136369642812,0,0,0,0,704512,704512,0
08/03/2023 08:59:20.983,0,100,4.6656100855605072,0,0,0,0,704512,704512,0
08/03/2023 09:00:20.996,0,100,4.6656521873687344,0,0,0,0,704512,704512,0
08/03/2023 09:01:21.009,0,100,4.6656300341430414,0,0,0,0,704512,704512,0
08/03/2023 09:02:21.022,0,100,4.6656317933620981,0,0,0,0,704512,704512,0
08/03/2023 09:03:21.035,0,100,4.6656352683666018,0,0,0,0,704512,704512,0
08/03/2023 09:04:21.049,0,100,4.6656324449250484,0,0,0,0,704512,704512,0
08/03/2023 09:05:21.062,0,100,4.6656277753945936,0,0,0,0,704512,704512,0
08/03/2023 09:06:21.075,0,100,4.6989599768186645,0,0,0,0,704512,704512,0
08/03/2023 09:07:21.088,0.51651384763550412,95.793758480325636,12.279700184108599,0.84974858804550679,0.41654342551250334,0.049985211061500404,0,704512,704512,0
08/03/2023 09:08:21.101,0.099984983819425902,97.849462365591393,4.6493017476033041,0.099984983819425902,0,0,0,704512,704512,0
08/03/2023 09:09:21.115,0,100,4.2157369372927596,0,0,0.016662991847006956,0,704512,704512,0
08/03/2023 09:10:21.128,0.099977922808803868,97.849462365591393,4.6489734106093801,0.099977922808803868,0.099977922808803868,0.066651948539202574,0,704512,704512,0
08/03/2023 09:11:21.141,0,100,4.6489734701227841,0,0,0,0,704512,704512,0
08/03/2023 09:12:21.154,0,100,4.648914633750965,0,0,0,0,704512,704512,0
08/03/2023 09:13:21.167,0,100,4.6656808022632852,0,0,0,0,704512,704512,0
08/03/2023 09:14:21.181,0,100,4.6489570066091002,0,0,0,0,704512,704512,0
08/03/2023 09:15:21.194,0,100,4.6489855784271121,0,0,0,0,704512,704512,0
08/03/2023 09:16:21.207,0.016662956728529351,99.644128113879006,4.6822908407167478,0.016662956728529351,0,0,0,704512,704512,0
08/03/2023 09:17:21.220,0.033325832322302837,99.288256227758012,4.6822794412835478,0.033325832322302837,0.016662916161151418,0,0,704512,704512,0
08/03/2023 09:18:21.233,0,100,4.6489897065184742,0,0,0,0,704512,704512,0
08/03/2023 09:19:21.247,0,100,4.6489694286250574,0,0,0,0,704512,704512,0
08/03/2023 09:20:21.260,0,100,4.6489688226715193,0,0,0,0,704512,704512,0
08/03/2023 09:21:21.273,0,100,4.6489254433009854,0,0,0,0,704512,704512,0
08/03/2023 09:22:21.286,0,100,4.6490125869900218,0,0,0,0,704512,704512,0
08/03/2023 09:23:21.299,0,100,4.6482387580089615,0,0,0,0,704512,704512,0
08/03/2023 09:24:21.313,0,100,4.649696551415925,0,0,0,0,704512,704512,0
08/03/2023 09:25:21.326,0,100,4.6489665882192135,0,0,0,0,704512,704512,0
08/03/2023 09:26:21.339,0.016662987309326756,99.644128113879006,4.6822994339208179,0.016662987309326756,0.016662987309326756,0,0,704512,704512,0
08/03/2023 09:27:21.352,0.016662879045664138,99.644128113879006,4.6822690118316226,0.016662879045664138,0.016662879045664138,0,0,704512,704512,0
08/03/2023 09:28:21.365,0,100,4.6489959879402329,0,0,0,0,704512,704512,0
08/03/2023 09:29:21.379,0,100,4.6489674051736811,0,0,0,0,704512,704512,0
08/03/2023 09:30:21.392,0,100,4.6323071619717089,0,0,0,0,704512,704512,0
08/03/2023 09:31:21.405,0,100,4.6489672807368896,0,0,0,0,704512,704512,0
08/03/2023 09:32:21.418,0,100,4.6489493023956232,0,0,0,0,704512,704512,0
08/03/2023 09:33:21.431,0,100,4.6489834846273492,0,0,0,0,704512,704512,0
08/03/2023 09:34:21.445,0,100,4.6489761590481899,0,0,0,0,704512,704512,0
08/03/2023 09:35:21.458,0.016662917266474106,99.642857142857139,4.6656168346127496,0.016662917266474106,0.016662917266474106,0,0,704512,704512,0
08/03/2023 09:36:21.487,0.016658652878774667,99.645390070921991,4.6977401118144559,0.016658652878774667,0.016658652878774667,0,0,704512,704512,0
08/03/2023 09:37:21.500,0,100,4.682268962790423,0,0,0,0,704512,704512,0
08/03/2023 09:38:21.513,0,100,4.6490073280865829,0,0,0,0,704512,704512,0
08/03/2023 09:39:21.526,0,100,4.6489484800372658,0,0,0,0,704512,704512,0
08/03/2023 09:40:21.539,0.033326090000206116,99.288256227758012,4.6823156450289591,0.033326090000206116,0.033326090000206116,0,0,704512,704512,0
08/03/2023 09:41:21.553,0,100,4.6489601175171442,0,0,0,0,704512,704512,0
08/03/2023 09:42:21.566,0,100,4.6489792862128354,0,0,0,0,704512,704512,0
08/03/2023 09:43:21.579,0,100,4.6489672699162989,0,0,0,0,704512,704512,0
08/03/2023 09:44:21.592,0,100,4.6489633636864998,0,0,0,0,704512,704512,0
08/03/2023 09:45:21.605,0,100,4.6489669885809697,0,0,0,0,704512,704512,0
08/03/2023 09:46:21.619,0,100,4.6822976084753369,0,0,0,0,704512,704512,0
08/03/2023 09:47:21.632,0,100,4.6822979299716021,0,0,0,0,704512,704512,0
08/03/2023 09:48:21.645,0,100,4.6489612266244977,0,0,0,0,704512,704512,0
08/03/2023 09:49:21.674,0,100,4.6477690848189912,0,0,0,0,704512,704512,0
08/03/2023 09:50:21.687,0,100,4.6489746116983808,0,0,0,0,704512,704512,0
08/03/2023 09:51:21.700,0,100,4.6489686116698774,0,0,0,0,704512,704512,0
08/03/2023 09:52:21.713,0,100,4.6489581373560647,0,0,0,0,704512,704512,0
08/03/2023 09:53:21.727,0,100,4.6482281896293127,0,0,0,0,704512,704512,0
08/03/2023 09:54:21.740,0,100,4.6497200828791945,0,0,0,0,704512,704512,0
08/03/2023 09:55:21.753,0,100,4.6489505575747296,0,0,0,0,704512,704512,0
08/03/2023 09:56:21.766,0,100,4.6823109969249614,0,0,0,0,704512,704512,0
08/03/2023 09:57:21.779,0,100,4.6822889280928663,0,0,0,0,704512,704512,0
08/03/2023 09:58:21.793,0,100,4.6489591707186033,0,0,0,0,704512,704512,0
08/03/2023 09:59:21.806,0,100,4.6489845775148453,0,0,0,0,704512,704512,0
08/03/2023 10:00:21.819,0,100,4.6489676107649167,0,0,0,0,704512,704512,0
08/03/2023 10:01:21.832,0,100,4.6489634231996462,0,0,0,0,704512,704512,0
08/03/2023 10:02:21.845,0,100,4.6489758614808387,0,0,0,0,704512,704512,0
08/03/2023 10:03:21.859,0,100,4.6489620327565158,0,0,0,0,704512,704512,0
08/03/2023 10:04:21.872,0,100,4.648964158998683,0,0,0,0,704512,704512,0
08/03/2023 10:05:21.885,0,100,4.6489645918217537,0,0,0,0,704512,704512,0
08/03/2023 10:06:21.898,0,100,4.6823140157394034,0,0,0,0,704512,704512,0
08/03/2023 10:07:21.911,0,100,4.682286541402009,0,0,0,0,704512,704512,0
08/03/2023 10:08:21.925,0,100,4.6489647270789796,0,0,0,0,704512,704512,0
08/03/2023 10:09:21.938,0,100,4.6489769002615748,0,0,0,0,704512,704512,0
08/03/2023 10:10:21.951,0,100,4.6489679948959592,0,0,0,0,704512,704512,0
08/03/2023 10:11:21.964,0,100,4.6489678650488395,0,0,0,0,704512,704512,0
08/03/2023 10:12:21.977,0,100,4.6489560219399433,0,0,0,0,704512,704512,0
08/03/2023 10:13:21.991,0,100,4.6489712843587503,0,0,0,0,704512,704512,0
08/03/2023 10:14:22.004,0,100,4.648986557698449,0,0,0,0,704512,704512,0
08/03/2023 10:15:22.017,0,100,4.6489583213053836,0,0,0,0,704512,704512,0
08/03/2023 10:16:22.030,0,100,4.6823051227809414,0,0,0,0,704512,704512,0
08/03/2023 10:17:22.043,0,100,4.6822956086605769,0,0,0,0,704512,704512,0
08/03/2023 10:18:22.057,0,100,4.6489655873151232,0,0,0,0,704512,704512,0
08/03/2023 10:19:22.070,0,100,4.6489701860672019,0,0,0,0,704512,704512,0
08/03/2023 10:20:22.083,0,100,4.6489518343955503,0,0,0,0,704512,704512,0
08/03/2023 10:21:22.096,0,100,4.6489904098637354,0,0,0,0,704512,704512,0
08/03/2023 10:22:22.109,0,100,4.6489618920891633,0,0,0,0,704512,704512,0
08/03/2023 10:23:22.123,0,100,4.6481651156831365,0,0,0,0,704512,704512,0
08/03/2023 10:24:22.136,0,100,4.6497708754994553,0,0,0,0,704512,704512,0
08/03/2023 10:25:22.149,0,100,4.6489510769593849,0,0,0,0,704512,704512,0
08/03/2023 10:26:22.162,0.56654362428705762,92.576419213973807,7.6316758801021294,0.84981543643058644,0.43323924210186759,0.066652191092595015,0,712704,712704,0
08/03/2023 10:27:22.175,0.19995590006976899,95.729537366548044,4.6823006599670904,0.19995590006976899,0.16662991672480748,0,0,729088,729088,0
08/03/2023 10:28:22.189,0.14996556044434411,96.774193548387103,4.6489323737746675,0.14996556044434411,0.083314200246857831,0,0,737280,737280,0
08/03/2023 10:29:22.202,0.04998907798811552,98.924731182795696,4.6489842528947438,0.04998907798811552,0.016663025996038507,0,0,737280,737280,0
08/03/2023 10:30:22.215,0.033326060408155271,99.283154121863802,4.64898542693766,0.033326060408155271,0.033326060408155271,0.033326060408155271,0,737280,737280,0
08/03/2023 10:31:22.228,0,100,4.6489691418791672,0,0,0,0,737280,737280,0
08/03/2023 10:32:22.241,0,100,4.6489572500713185,0,0,0,0,737280,737280,0
08/03/2023 10:33:22.255,0,100,4.6489796270632153,0,0,0,0,737280,737280,0
08/03/2023 10:34:22.268,0,100,4.648965122030126,0,0,0,0,737280,737280,0
08/03/2023 10:35:22.281,0.016662976081487656,99.642857142857139,4.665633302816544,0.016662976081487656,0.016662976081487656,0,0,737280,737280,0
08/03/2023 10:36:22.294,0.033325982414155089,99.290780141843967,4.6989635203958677,0.033325982414155089,0.033325982414155089,0,0,737280,737280,0
08/03/2023 10:37:22.307,0.033325896198437496,99.288256227758012,4.6822884158804685,0.033325896198437496,0.033325896198437496,0,0,737280,737280,0
08/03/2023 10:38:22.321,0,100,4.6489781229936611,0,0,0,0,737280,737280,0
08/03/2023 10:39:22.334,0,100,4.6489673456604317,0,0,0,0,737280,737280,0
08/03/2023 10:40:22.347,0.033325790707927884,99.288256227758012,4.6822735944638678,0.033325790707927884,0.033325790707927884,0,0,737280,737280,0
08/03/2023 10:41:22.360,0,100,4.6489902313222258,0,0,0,0,737280,737280,0
08/03/2023 10:42:22.373,0,100,4.6489510607286126,0,0,0,0,737280,737280,0
08/03/2023 10:43:22.387,0,100,4.648948393473245,0,0,0,0,737280,737280,0
08/03/2023 10:44:22.400,0,100,4.6490056725083333,0,0,0,0,737280,737280,0
08/03/2023 10:45:22.413,0,100,4.6489726315249538,0,0,0,0,737280,737280,0
08/03/2023 10:46:22.426,0,100,4.6822954233917216,0,0,0,0,737280,737280,0
08/03/2023 10:47:22.439,0,100,4.6822854461405807,0,0,0,0,737280,737280,0
08/03/2023 10:48:22.453,0,100,4.6488586824191716,0,0,0,0,737280,737280,0
08/03/2023 10:49:22.466,0,100,4.6490496647610726,0,0,0,0,737280,737280,0
08/03/2023 10:50:22.479,0,100,4.648998016826857,0,0,0,0,737280,737280,0
08/03/2023 10:51:22.492,0,100,4.648977230290968,0,0,0,0,737280,737280,0
08/03/2023 10:52:22.505,0,100,4.6489698181667007,0,0,0,0,737280,737280,0
08/03/2023 10:53:22.519,0,100,4.6482415975255025,0,0,0,0,737280,737280,0
08/03/2023 10:54:22.532,0,100,4.649693953660889,0,0,0,0,737280,737280,0
08/03/2023 10:55:22.545,0,100,4.6488007686368631,0,0,0,0,737280,737280,0
08/03/2023 10:56:22.558,0,100,4.6824438447912016,0,0,0,0,737280,737280,0
08/03/2023 10:57:22.571,0,100,4.682320293142185,0,0,0,0,737280,737280,0
08/03/2023 10:58:22.585,0,100,4.6489618488069029,0,0,0,0,737280,737280,0
08/03/2023 10:59:22.598,0,100,4.6489697370121856,0,0,0,0,737280,737280,0
08/03/2023 11:00:22.611,0,100,4.6489785179470831,0,0,0,0,737280,737280,0
08/03/2023 11:01:22.624,0,100,4.648954507065131,0,0,0,0,737280,737280,0
08/03/2023 11:02:22.637,0,100,4.6489796054219195,0,0,0,0,737280,737280,0
08/03/2023 11:03:22.651,0,100,4.648960685596454,0,0,0,0,737280,737280,0
08/03/2023 11:04:22.664,0,100,4.6489586134602137,0,0,0,0,737280,737280,0
08/03/2023 11:05:22.677,0,100,4.6489872448117335,0,0,0,0,737280,737280,0
08/03/2023 11:06:22.690,0,100,4.6822980770970259,0,0,0,0,737280,737280,0
08/03/2023 11:07:22.703,0,100,4.6822636772448627,0,0,0,0,737280,737280,0
08/03/2023 11:08:22.717,0,100,4.6488796842986089,0,0,0,0,737280,737280,0
08/03/2023 11:09:22.730,0,100,4.649073476435901,0,0,0,0,737280,737280,0
08/03/2023 11:10:22.743,0,100,4.6489667072456742,0,0,0,0,737280,737280,0
08/03/2023 11:11:22.756,0,100,4.6488996854920916,0,0,0,0,737280,737280,0
08/03/2023 11:12:22.769,0,100,4.6490496052457173,0,0,0,0,737280,737280,0
08/03/2023 11:13:22.783,0,100,4.6489718470304835,0,0,0,0,737280,737280,0
